{"train/average_reward": 54.13440704345703, "rollout/ep_rew_mean": -87.11458587646484, "time/fps": 422.0, "_step": 2010002, "_timestamp": 1595834666.4675016, "_runtime": 4784.6471610069275, "global_step": 2015232, "rollout/ep_len_mean": 4999.0, "train/clip_fraction": 0.2708333432674408, "train/clip_range": 0.20000000298023224, "train/entropy_loss": -9.444642066955566, "train/learning_rate": 0.0014946014853194356, "train/policy_gradient_loss": -0.012708776630461216, "train/approx_kl": 0.026906663551926613, "train/std": 0.7885661125183105, "train/explained_variance": -50.45600128173828, "train/value_loss": 0.399281769990921, "train/loss": 0.18140017986297607, "loss_dif": 1.1167219340801238, "domain_progress": 1, "eval_reward": -11.895310722584737, "best_min": -922.5124129164503, "best_mean": 3415.921966650965}
