{"global_step": 2015232, "_step": 2010002, "_runtime": 14874.276472568512, "PPO_145/rollout/ep_len_mean": 4999.0, "_timestamp": 1598054079.7907202, "PPO_145/train/average_reward": 1631.9122314453125, "PPO_145/time/fps": 504.0, "PPO_145/rollout/ep_rew_mean": 747.9418334960938, "PPO_145/global_step": 2015232, "PPO_145/train/entropy_loss": -8.0968017578125, "PPO_145/train/clip_fraction": 0.19565217196941376, "PPO_145/train/value_loss": 77.97444152832031, "PPO_145/train/policy_gradient_loss": -0.015880802646279335, "PPO_145/train/explained_variance": -36.418582916259766, "PPO_145/train/loss": 38.53126907348633, "PPO_145/train/approx_kl": 0.01393960602581501, "PPO_145/train/std": 0.6650745868682861, "PPO_145/train/learning_rate": 0.0020000000949949026, "PPO_145/train/clip_range": 0.20000000298023224, "domain_progress": 1, "loss_dif": 5.237682437896726, "best_mean": 2037.4273903768596, "best_min": 2.2137455012250986, "eval_reward": 64.47736094833824}
