{"_step": 2010002, "rollout/ep_rew_mean": 735.9456176757812, "global_step": 2015232, "train/average_reward": 1496.6043701171875, "_runtime": 4973.0239610672, "time/fps": 406.0, "_timestamp": 1595850025.7970788, "rollout/ep_len_mean": 4999.0, "train/value_loss": 6.114795684814453, "train/clip_range": 0.20000000298023224, "train/policy_gradient_loss": -0.01088782213628292, "train/approx_kl": 0.013170301914215088, "train/std": 0.7615554332733154, "train/loss": 3.449087381362915, "train/learning_rate": 0.000642701517790556, "train/explained_variance": -58.04309844970703, "train/entropy_loss": -9.181168556213379, "train/clip_fraction": 0.16118420660495758, "domain_progress": 1, "loss_dif": -5.461307604610919, "eval_reward": 14.774701856940636, "best_min": 183.90182823857566, "best_mean": 3015.442780370241}
