{"_step": 2010002, "train/average_reward": 1553.5828857421875, "_runtime": 4412.028269767761, "_timestamp": 1597704492.3079975, "rollout/ep_rew_mean": 1333.9974365234375, "global_step": 2015232, "rollout/ep_len_mean": 4999.0, "time/fps": 458.0, "train/learning_rate": 0.0020000000949949026, "train/explained_variance": -84.79444885253906, "train/value_loss": 61.67763137817383, "train/clip_range": 0.20000000298023224, "train/entropy_loss": -8.099453926086426, "train/clip_fraction": 0.25, "train/approx_kl": 0.014638366177678108, "train/std": 0.6671533584594727, "train/policy_gradient_loss": -0.00753839360550046, "train/loss": 32.83766174316406, "domain_progress": 1, "loss_dif": 0.8032140731811523, "best_mean": 3726.1477451753767, "best_min": 2530.817276753386, "eval_reward": 1487.9454359901576}
