{"rollout/ep_len_mean": 4999.0, "rollout/ep_rew_mean": 546.7406005859375, "global_step": 2015232, "_runtime": 5943.994484424591, "time/fps": 339.0, "_timestamp": 1595800230.6907175, "train/average_reward": 1026.109130859375, "_step": 2010002, "train/value_loss": 28.162797927856445, "train/policy_gradient_loss": -0.002773415297269821, "train/loss": 24.75008773803711, "train/clip_fraction": 0.47999998927116394, "train/explained_variance": -18.680761337280273, "train/learning_rate": 0.002993540605530143, "train/std": 1.1116323471069336, "train/clip_range": 0.20000000298023224, "train/approx_kl": 0.05719456076622009, "train/entropy_loss": -12.15665340423584, "domain_progress": 1, "loss_dif": -5.216904592514037, "best_mean": 3013.815967778833, "eval_reward": 532.0359275060703, "best_min": -239.03092137443915}
