{"_runtime": 55208.096210479736, "global_step": 2015232, "PPO_176/rollout/ep_len_mean": 4999.0, "PPO_176/time/fps": 574.0, "PPO_176/rollout/ep_rew_mean": 222.22959899902344, "_step": 2010002, "PPO_176/train/average_reward": 123.2362289428711, "PPO_176/global_step": 2015232, "_timestamp": 1598751066.7494276, "PPO_176/train/policy_gradient_loss": -0.007908158004283905, "PPO_176/train/approx_kl": 0.040491390973329544, "PPO_176/train/explained_variance": -214.9744415283203, "PPO_176/train/std": 0.7062332630157471, "PPO_176/train/clip_fraction": 0.4836956560611725, "PPO_176/train/value_loss": 5.95841646194458, "PPO_176/train/entropy_loss": -8.539917945861816, "PPO_176/train/loss": 2.997312307357788, "PPO_176/train/clip_range": 0.20000000298023224, "PPO_176/train/learning_rate": 0.0020000000949949026, "loss_dif": 0.908501067757606, "domain_progress": 1, "best_min": 1.9597109040605825, "best_mean": 2728.2052885257117, "eval_reward": 2728.2052885257117}
