{"rollout/ep_rew_mean": 1094.2188720703125, "_timestamp": 1596257178.7849069, "_step": 2010002, "time/fps": 422.0, "rollout/ep_len_mean": 4999.0, "train/average_reward": 1523.6231689453125, "_runtime": 4771.100386619568, "global_step": 2015232, "train/approx_kl": 0.02869367226958275, "train/explained_variance": -33.297306060791016, "train/loss": 12.14327335357666, "train/learning_rate": 0.0020000000949949026, "train/policy_gradient_loss": -0.017203371971845627, "train/std": 0.7330859899520874, "train/clip_range": 0.20000000298023224, "train/entropy_loss": -8.85871410369873, "train/clip_fraction": 0.30434781312942505, "train/value_loss": 34.09108352661133, "domain_progress": 1, "loss_dif": -12.308671998977662, "best_min": -236.85510980327808, "eval_reward": 26.639255755988657, "best_mean": 1753.5653900193588}
