{"PPO_134/rollout/ep_len_mean": 4999.0, "PPO_134/time/fps": 479.0, "_timestamp": 1597985279.0108075, "global_step": 2015232, "PPO_134/rollout/ep_rew_mean": 1157.0772705078125, "PPO_134/train/average_reward": 1004.7467651367188, "_runtime": 41261.640051841736, "PPO_134/global_step": 2015232, "_step": 2010002, "PPO_134/train/approx_kl": 0.031543515622615814, "PPO_134/train/learning_rate": 0.0020000000949949026, "PPO_134/train/explained_variance": -31.272388458251953, "PPO_134/train/loss": 5.231786251068115, "PPO_134/train/clip_range": 0.20000000298023224, "PPO_134/train/policy_gradient_loss": -0.003641952993348241, "PPO_134/train/entropy_loss": -8.606802940368652, "PPO_134/train/clip_fraction": 0.30978262424468994, "PPO_134/train/value_loss": 14.89411735534668, "PPO_134/train/std": 0.7104767560958862, "loss_dif": 5.286598277091981, "domain_progress": 1, "eval_reward": 1866.4377389430856, "best_min": 3.3380664677590683, "best_mean": 3688.747003966857}
