{"PPO_130/rollout/ep_len_mean": 4999.0, "_timestamp": 1597967079.2634826, "PPO_130/train/average_reward": 12.506122589111328, "global_step": 2015232, "PPO_130/global_step": 2015232, "PPO_130/rollout/ep_rew_mean": 344.5098876953125, "_runtime": 23061.892726898193, "_step": 2010002, "PPO_130/time/fps": 369.0, "PPO_130/train/loss": 0.1544787436723709, "PPO_130/train/approx_kl": 0.03040124475955963, "PPO_130/train/policy_gradient_loss": -0.005781504791229963, "PPO_130/train/clip_range": 0.20000000298023224, "PPO_130/train/explained_variance": -64.83164978027344, "PPO_130/train/learning_rate": 0.0020000000949949026, "PPO_130/train/entropy_loss": -9.372519493103027, "PPO_130/train/value_loss": 0.39623525738716125, "PPO_130/train/std": 0.7806192636489868, "PPO_130/train/clip_fraction": 0.3913043439388275, "loss_dif": -6.521615904569627, "domain_progress": 1, "eval_reward": 19.06284058915446, "best_min": 2318.7200972694086, "best_mean": 3364.877804934545}
