{"rollout/ep_len_mean": 4999.0, "train/average_reward": 234.09251403808594, "global_step": 2015232, "rollout/ep_rew_mean": 156.23757934570312, "_runtime": 4748.050627708435, "_timestamp": 1596153172.0261385, "_step": 2010002, "time/fps": 425.0, "train/entropy_loss": -9.614169120788574, "train/explained_variance": -30.549230575561523, "train/loss": 7.1966552734375, "train/value_loss": 22.924043655395508, "train/learning_rate": 0.0020000000949949026, "train/approx_kl": 0.04533851146697998, "train/clip_range": 0.20000000298023224, "train/std": 0.8059947490692139, "train/policy_gradient_loss": -0.014921097084879875, "train/clip_fraction": 0.3695652186870575, "domain_progress": 1, "loss_dif": 4.183609974384308, "best_mean": 1272.4769552405608, "best_min": -736.8227701935145, "eval_reward": -182.51785950880554}
