{"rollout/ep_len_mean": 4999.0, "rollout/ep_rew_mean": 1188.0037841796875, "time/fps": 340.0, "_runtime": 5925.391633272171, "global_step": 2015232, "train/average_reward": 1447.2757568359375, "_timestamp": 1595787621.3548133, "_step": 2010002, "train/policy_gradient_loss": -0.01328999362885952, "train/value_loss": 26.547286987304688, "train/entropy_loss": -8.103692054748535, "train/explained_variance": -8.821671485900879, "train/clip_range": 0.20000000298023224, "train/std": 0.6661959886550903, "train/learning_rate": 0.002273726509884, "train/clip_fraction": 0.2623985707759857, "train/loss": 12.753612518310547, "train/approx_kl": 0.023270314559340477, "loss_dif": 0.27419567108154297, "domain_progress": 1, "eval_reward": 1348.6703624800598, "best_min": 472.4572918020381, "best_mean": 1898.2642752609677}
