{"train/average_reward": 2024.85693359375, "_step": 2010002, "rollout/ep_rew_mean": 1822.18505859375, "_timestamp": 1596277413.822793, "global_step": 2015232, "time/fps": 538.0, "rollout/ep_len_mean": 4999.0, "_runtime": 3750.806156396866, "train/approx_kl": 0.02317841723561287, "train/loss": 19.305400848388672, "train/policy_gradient_loss": -0.013574411161243916, "train/learning_rate": 0.0020000000949949026, "train/std": 0.6784994602203369, "train/explained_variance": -11.315211296081543, "train/value_loss": 40.167015075683594, "train/clip_fraction": 0.30978259444236755, "train/entropy_loss": -8.202898979187012, "train/clip_range": 0.20000000298023224, "loss_dif": 0.29009685516357564, "domain_progress": 1, "best_mean": 2097.062687223509, "best_min": 277.5787520690193, "eval_reward": 10.01087710681181}
