{"_timestamp": 1597941470.6912873, "PPO_126/rollout/ep_len_mean": 4999.0, "PPO_126/global_step": 2015232, "global_step": 2015232, "_step": 2010002, "PPO_126/rollout/ep_rew_mean": 11.331488609313965, "_runtime": 20034.93810915947, "PPO_126/train/average_reward": 11.814221382141113, "PPO_126/time/fps": 413.0, "PPO_126/train/learning_rate": 0.0020000000949949026, "PPO_126/train/loss": 0.008123102597892284, "PPO_126/train/clip_range": 0.20000000298023224, "PPO_126/train/entropy_loss": -9.810953140258789, "PPO_126/train/clip_fraction": 0.2554347813129425, "PPO_126/train/policy_gradient_loss": -0.012479604221880436, "PPO_126/train/std": 0.8260211944580078, "PPO_126/train/approx_kl": 0.015839656814932823, "PPO_126/train/value_loss": 0.037833619862794876, "PPO_126/train/explained_variance": -34.05913162231445, "domain_progress": 0.5762052600756286, "loss_dif": 0.006496165692806244, "eval_reward": 3.51948977307962, "best_min": 195.43259382976655, "best_mean": 1263.861330342322}
