{"PPO_137/time/fps": 446.0, "_timestamp": 1597998538.3047671, "PPO_137/rollout/ep_rew_mean": 383.7847595214844, "global_step": 2015232, "PPO_137/rollout/ep_len_mean": 4999.0, "PPO_137/train/average_reward": 35.094818115234375, "_runtime": 54520.93401145935, "_step": 2010002, "PPO_137/global_step": 2015232, "PPO_137/train/policy_gradient_loss": -0.013196817599236965, "PPO_137/train/entropy_loss": -8.676911354064941, "PPO_137/train/clip_fraction": 0.39673912525177, "PPO_137/train/explained_variance": -22.668701171875, "PPO_137/train/learning_rate": 0.0020000000949949026, "PPO_137/train/approx_kl": 0.028527457267045975, "PPO_137/train/std": 0.7166153788566589, "PPO_137/train/clip_range": 0.20000000298023224, "PPO_137/train/loss": 0.06382172554731369, "PPO_137/train/value_loss": 0.23204152286052704, "loss_dif": 0.0004084557294845581, "domain_progress": 1, "eval_reward": 382.07027747990395, "best_min": -193.98332991897703, "best_mean": 2416.932953472498}
