{"time/fps": 455.0, "train/average_reward": 681.2174072265625, "rollout/ep_len_mean": 4999.0, "_timestamp": 1595899807.6824427, "_step": 2010002, "rollout/ep_rew_mean": 571.2459106445312, "_runtime": 4424.57518696785, "global_step": 2015232, "train/entropy_loss": -11.649688720703125, "train/clip_fraction": 0.0, "train/std": 1.0387485027313232, "train/loss": 20.77431297302246, "train/learning_rate": 0.002844775328412652, "train/approx_kl": 0.053377456963062286, "train/policy_gradient_loss": -0.008977021090686321, "train/explained_variance": -509.0608215332031, "train/clip_range": 0.20000000298023224, "train/value_loss": 23.584274291992188, "loss_dif": 4.871902262419463, "domain_progress": 0.9667881831191483, "best_mean": 1645.2598165537772, "best_min": -42.658467084823485, "eval_reward": 633.2616596676089}
