{"global_step": 1730560, "_step": 1710011, "time/fps": 160.0, "_runtime": 10806.402924060822, "_timestamp": 1598641911.4055762, "train/approx_kl": 0.4041706323623657, "train/clip_fraction": 0.7903225421905518, "train/std": 0.6034963130950928, "train/policy_gradient_loss": 0.11589304357767105, "train/entropy_loss": -7.241673469543457, "train/explained_variance": -6199.3544921875, "train/loss": 97.65729522705078, "train/value_loss": 221.5552978515625, "train/learning_rate": 0.0020000000949949026, "train/clip_range": 0.20000000298023224, "rollout/ep_len_mean": 4999.0, "rollout/ep_rew_mean": -655.1951293945312, "train/average_reward": -1188.520751953125, "domain_progress": 1, "loss_dif": 39.127783071622254, "best_mean": 2003.4958376475145, "best_min": -75.04253035941247, "eval_reward": -2388.378289768551}
