{"_timestamp": 1595845038.2105687, "global_step": 2015232, "_runtime": 5223.7081797122955, "train/average_reward": 514.8297729492188, "rollout/ep_rew_mean": 489.33416748046875, "_step": 2010002, "time/fps": 386.0, "rollout/ep_len_mean": 4999.0, "train/explained_variance": -1749.6705322265625, "train/learning_rate": 7.282248407136649e-05, "train/std": 0.9776557683944702, "train/entropy_loss": -11.170477867126465, "train/value_loss": 30.237321853637695, "train/loss": 14.646684646606445, "train/approx_kl": 5.1287843234604225e-05, "train/clip_fraction": 0.0, "train/clip_range": 0.20000000298023224, "train/policy_gradient_loss": -0.0004229151818435639, "loss_dif": 4.506045520305633, "domain_progress": 1, "best_mean": 1028.269849587886, "eval_reward": 232.51352733377598, "best_min": 46.409497270892714}
