{"rollout/ep_len_mean": 4999.0, "_step": 2010002, "global_step": 2015232, "train/average_reward": 304.4063415527344, "_runtime": 4634.373528242111, "time/fps": 435.0, "rollout/ep_rew_mean": 646.7479248046875, "_timestamp": 1595950436.1942017, "train/explained_variance": -22.36376190185547, "train/value_loss": 1.2828454971313477, "train/clip_range": 0.20000000298023224, "train/learning_rate": 0.0020000000949949026, "train/approx_kl": 0.04190412536263466, "train/policy_gradient_loss": -0.010320061817765236, "train/loss": 0.4908430576324463, "train/entropy_loss": -8.980020523071289, "train/std": 0.7440561056137085, "train/clip_fraction": 0.385869562625885, "domain_progress": 1, "loss_dif": -0.4129758417606354, "eval_reward": 187.84061436318788, "best_mean": 2064.527783789294, "best_min": -0.14543130935752704}
