{"PPO_136/rollout/ep_rew_mean": 1042.6336669921875, "PPO_136/rollout/ep_len_mean": 4999.0, "_timestamp": 1597994019.8805096, "global_step": 2015232, "PPO_136/train/average_reward": 1688.2427978515625, "PPO_136/global_step": 2015232, "_runtime": 50002.50975394249, "PPO_136/time/fps": 482.0, "_step": 2010002, "PPO_136/train/approx_kl": 0.01676994189620018, "PPO_136/train/std": 0.6443353891372681, "PPO_136/train/clip_range": 0.20000000298023224, "PPO_136/train/clip_fraction": 0.20652174949645996, "PPO_136/train/policy_gradient_loss": -0.015699999406933784, "PPO_136/train/value_loss": 68.19084167480469, "PPO_136/train/entropy_loss": -7.837613105773926, "PPO_136/train/loss": 31.36990737915039, "PPO_136/train/learning_rate": 0.0020000000949949026, "PPO_136/train/explained_variance": -16.718143463134766, "loss_dif": 4.1763763427734375, "domain_progress": 1, "eval_reward": 76.56875928954973, "best_min": 1297.9866413948969, "best_mean": 2838.3137523563933}
