{"_runtime": 58555.60517144203, "global_step": 2015232, "PPO_177/time/fps": 603.0, "PPO_177/global_step": 2015232, "_step": 2010002, "PPO_177/rollout/ep_rew_mean": 543.1974487304688, "PPO_177/train/average_reward": 291.9358215332031, "PPO_177/rollout/ep_len_mean": 4999.0, "_timestamp": 1598754414.2583885, "PPO_177/train/std": 0.672719419002533, "PPO_177/train/clip_fraction": 0.385869562625885, "PPO_177/train/entropy_loss": -8.191059112548828, "PPO_177/train/approx_kl": 0.046739526093006134, "PPO_177/train/loss": 3.7633814811706543, "PPO_177/train/explained_variance": -1328.41357421875, "PPO_177/train/value_loss": 9.950756072998047, "PPO_177/train/policy_gradient_loss": -0.011051932349801064, "PPO_177/train/clip_range": 0.20000000298023224, "PPO_177/train/learning_rate": 0.0020000000949949026, "loss_dif": -0.13105689361691475, "domain_progress": 1, "best_min": -51.22666609329626, "best_mean": 2764.587116577469, "eval_reward": -41.99050571315381}
