{"_timestamp": 1595907717.4311366, "time/fps": 514.0, "train/average_reward": 1305.0467529296875, "_runtime": 3923.8433434963226, "rollout/ep_len_mean": 4999.0, "rollout/ep_rew_mean": 1007.846923828125, "_step": 2010002, "global_step": 2015232, "train/policy_gradient_loss": 0.005791942123323679, "train/approx_kl": 0.019851041957736015, "train/clip_fraction": 0.26357918977737427, "train/loss": 36.80780792236328, "train/std": 0.7015029191970825, "train/clip_range": 0.20000000298023224, "train/value_loss": 80.66771697998047, "train/explained_variance": -165.81353759765625, "train/learning_rate": 0.0026469347067177296, "train/entropy_loss": -8.531625747680664, "domain_progress": 1, "loss_dif": -7.086845684051514, "eval_reward": 2158.693311741522, "best_mean": 2158.693311741522, "best_min": 618.7895763764838}
