{"rollout/ep_rew_mean": 636.6680908203125, "train/average_reward": 821.38134765625, "_step": 2010002, "_timestamp": 1596067710.552552, "_runtime": 6517.478414058685, "time/fps": 309.0, "global_step": 2015232, "rollout/ep_len_mean": 4999.0, "train/entropy_loss": -8.83568000793457, "train/loss": 4.64618444442749, "train/learning_rate": 0.0020000000949949026, "train/std": 0.7300615906715393, "train/explained_variance": -11.083796501159668, "train/approx_kl": 0.037361033260822296, "train/clip_fraction": 0.3478260934352875, "train/clip_range": 0.20000000298023224, "train/policy_gradient_loss": -0.018565839156508446, "train/value_loss": 11.130743980407715, "loss_dif": -5.728909158706665, "domain_progress": 1, "best_min": -303.1776096473536, "eval_reward": 411.2065142737432, "best_mean": 899.2084947424497}
