{"_timestamp": 1597882760.4020872, "PPO_113/rollout/ep_rew_mean": 426.0629577636719, "_step": 2010002, "PPO_113/time/fps": 327.0, "PPO_113/train/average_reward": 353.3293151855469, "_runtime": 14996.363539934158, "PPO_113/global_step": 2015232, "PPO_113/rollout/ep_len_mean": 4999.0, "global_step": 2015232, "PPO_113/train/value_loss": 2.099177598953247, "PPO_113/train/approx_kl": 0.05803758651018143, "PPO_113/train/std": 0.6759419441223145, "PPO_113/train/explained_variance": -8.661459922790527, "PPO_113/train/policy_gradient_loss": -0.004945071414113045, "PPO_113/train/loss": 0.6780834197998047, "PPO_113/train/entropy_loss": -8.222837448120117, "PPO_113/train/clip_range": 0.20000000298023224, "PPO_113/train/learning_rate": 0.0020000000949949026, "PPO_113/train/clip_fraction": 0.46195653080940247, "loss_dif": 1.7599904086440805, "domain_progress": 1, "eval_reward": 1284.4190113950006, "best_mean": 1637.5814157202644, "best_min": -114.80950370304917}
