{"_runtime": 6112.780384778976, "global_step": 2015232, "rollout/ep_rew_mean": 541.9619750976562, "_timestamp": 1596142144.3570616, "_step": 2010002, "time/fps": 330.0, "train/average_reward": 388.1387023925781, "rollout/ep_len_mean": 4999.0, "train/clip_range": 0.20000000298023224, "train/explained_variance": -26.069303512573242, "train/std": 0.7073151469230652, "train/entropy_loss": -8.571573257446289, "train/clip_fraction": 0.45652174949645996, "train/loss": 2.7718207836151123, "train/policy_gradient_loss": -0.00969400443136692, "train/value_loss": 5.383982181549072, "train/learning_rate": 0.0020000000949949026, "train/approx_kl": 0.05624285340309143, "domain_progress": 1, "loss_dif": -0.2448453426361077, "best_min": 264.0001236471874, "eval_reward": 670.726398393906, "best_mean": 1456.4593490302213}
