{"_timestamp": 1597976783.207576, "PPO_132/global_step": 2015232, "global_step": 2015232, "PPO_132/rollout/ep_rew_mean": 718.5785522460938, "PPO_132/rollout/ep_len_mean": 4999.0, "_runtime": 32765.836820364, "PPO_132/train/average_reward": 380.544921875, "PPO_132/time/fps": 452.0, "_step": 2010002, "PPO_132/train/approx_kl": 0.05149873346090317, "PPO_132/train/learning_rate": 0.0020000000949949026, "PPO_132/train/explained_variance": -6.7799553871154785, "PPO_132/train/std": 0.6304430961608887, "PPO_132/train/entropy_loss": -7.655514717102051, "PPO_132/train/policy_gradient_loss": -0.004645185545086861, "PPO_132/train/clip_fraction": 0.4076087176799774, "PPO_132/train/clip_range": 0.20000000298023224, "PPO_132/train/loss": 5.197640895843506, "PPO_132/train/value_loss": 10.45819091796875, "loss_dif": -1.9068539857864382, "domain_progress": 1, "eval_reward": 846.6162468921934, "best_min": -49.536327626004834, "best_mean": 1092.3265350749227}
