{"rollout/ep_len_mean": 4999.0, "global_step": 2015232, "_timestamp": 1596187312.1159039, "_runtime": 5756.9313361644745, "train/average_reward": 393.8607177734375, "_step": 2010002, "time/fps": 350.0, "rollout/ep_rew_mean": 380.0197448730469, "train/policy_gradient_loss": -0.012336140498518944, "train/std": 0.82215815782547, "train/explained_variance": -66.90670776367188, "train/clip_range": 0.20000000298023224, "train/loss": 3.3539974689483643, "train/value_loss": 7.899530410766602, "train/approx_kl": 0.06483177095651627, "train/clip_fraction": 0.52173912525177, "train/learning_rate": 0.0020000000949949026, "train/entropy_loss": -9.773744583129883, "domain_progress": 1, "loss_dif": -2.17297149002552, "best_min": -587.5962314982024, "eval_reward": 37.0336743964884, "best_mean": 1266.0052001296078}
