{"_runtime": 1112.2747192382812, "_step": 390002, "time/fps": 357.0, "rollout/ep_rew_mean": 105.90673065185547, "train/average_reward": 294.42724609375, "global_step": 393216, "_timestamp": 1597851748.3548799, "rollout/ep_len_mean": 4999.0, "train/explained_variance": -1.5276896953582764, "train/approx_kl": 0.018115375190973282, "train/value_loss": 2.5594470500946045, "train/clip_range": 0.20000000298023224, "train/policy_gradient_loss": -0.016248198226094246, "train/learning_rate": 0.0020000000949949026, "train/entropy_loss": -10.927092552185059, "train/std": 0.9471868276596069, "train/clip_fraction": 0.25, "train/loss": 1.10037100315094, "domain_progress": 0.09324062036164105, "loss_dif": 3.0165839072316887, "best_min": 1.3835530201022304, "eval_reward": 13.772226251089235, "best_mean": 13.772226251089235}
