{"time/fps": 422.0, "rollout/ep_len_mean": 4999.0, "train/average_reward": 549.9290771484375, "_step": 2010002, "_runtime": 4770.53809094429, "global_step": 2015232, "_timestamp": 1596252402.0105085, "rollout/ep_rew_mean": 526.1729125976562, "train/clip_fraction": 0.25, "train/value_loss": 19.946149826049805, "train/clip_range": 0.20000000298023224, "train/std": 0.7532453536987305, "train/entropy_loss": -9.094658851623535, "train/policy_gradient_loss": -0.018189402297139168, "train/loss": 7.902248859405518, "train/approx_kl": 0.0316803939640522, "train/explained_variance": -21.53874397277832, "train/learning_rate": 0.0020000000949949026, "loss_dif": 1.388535737991333, "domain_progress": 1, "eval_reward": -2.8362139169305483, "best_min": -133.3012234661221, "best_mean": 1046.7291935544615}
