{"PPO_139/time/fps": 452.0, "_timestamp": 1598006679.7850435, "PPO_139/global_step": 1736704, "global_step": 1736704, "PPO_139/rollout/ep_len_mean": 4999.0, "PPO_139/rollout/ep_rew_mean": 224.63973999023438, "_runtime": 62662.41428780556, "PPO_139/train/average_reward": -21.250530242919922, "_step": 1740001, "PPO_139/train/loss": 0.026237614452838898, "PPO_139/train/clip_fraction": 0.29891306161880493, "PPO_139/train/clip_range": 0.20000000298023224, "PPO_139/train/policy_gradient_loss": -0.017291149124503136, "PPO_139/train/approx_kl": 0.028111442923545837, "PPO_139/train/learning_rate": 0.0020000000949949026, "PPO_139/train/value_loss": 0.10332223773002625, "PPO_139/train/explained_variance": -6.566479206085205, "PPO_139/train/entropy_loss": -9.261533737182617, "PPO_139/train/std": 0.7710782289505005, "loss_dif": -0.011629930138587957, "domain_progress": 1, "eval_reward": -10.47737869737744, "best_min": -166.7358139990509, "best_mean": 954.4386229054307}
