{"global_step": 2015232, "_step": 2010002, "PPO_147/rollout/ep_len_mean": 4999.0, "_runtime": 22805.49869441986, "PPO_147/rollout/ep_rew_mean": 532.8905639648438, "PPO_147/time/fps": 568.0, "_timestamp": 1598062011.012942, "PPO_147/train/average_reward": 470.9364013671875, "PPO_147/global_step": 2015232, "PPO_147/train/clip_fraction": 0.30978259444236755, "PPO_147/train/value_loss": 7.445308208465576, "PPO_147/train/entropy_loss": -8.835487365722656, "PPO_147/train/learning_rate": 0.0020000000949949026, "PPO_147/train/clip_range": 0.20000000298023224, "PPO_147/train/loss": 4.705165386199951, "PPO_147/train/policy_gradient_loss": -0.010683746077120304, "PPO_147/train/explained_variance": -322.9698181152344, "PPO_147/train/approx_kl": 0.03745999187231064, "PPO_147/train/std": 0.7297824621200562, "domain_progress": 1, "loss_dif": 0.1609640538692474, "best_mean": 2257.87462739, "best_min": 1287.8868157126794, "eval_reward": 1079.3376481215519}
