{"_timestamp": 1597872362.3021953, "rollout/ep_len_mean": 4999.0, "_step": 2010002, "time/fps": 439.0, "rollout/ep_rew_mean": 1354.6156005859375, "_runtime": 4598.263648033142, "global_step": 2015232, "train/average_reward": 845.7001953125, "train/std": 0.6994912624359131, "train/clip_fraction": 0.27173912525177, "train/entropy_loss": -8.472935676574707, "train/value_loss": 19.236499786376953, "train/approx_kl": 0.028915246948599815, "train/explained_variance": -20.910192489624023, "train/loss": 8.333687782287598, "train/learning_rate": 0.0020000000949949026, "train/policy_gradient_loss": -0.010922600515186787, "train/clip_range": 0.20000000298023224, "loss_dif": -5.196255069971084, "domain_progress": 1, "eval_reward": 2267.3034806972746, "best_mean": 2446.8251310376672, "best_min": 745.0703343252645}
