{"_timestamp": 1595825243.0448952, "train/average_reward": 434.737548828125, "_runtime": 4801.032418251038, "rollout/ep_len_mean": 4999.0, "global_step": 2015232, "rollout/ep_rew_mean": 344.297119140625, "time/fps": 420.0, "_step": 2010002, "train/loss": 2.238652467727661, "train/clip_fraction": 0.5104529857635498, "train/learning_rate": 0.0020039957016706467, "train/std": 0.7076220512390137, "train/policy_gradient_loss": -0.00886552594602108, "train/value_loss": 4.540521144866943, "train/explained_variance": -2.1160171031951904, "train/clip_range": 0.20000000298023224, "train/approx_kl": 0.06378531455993652, "train/entropy_loss": -8.56521224975586, "domain_progress": 1, "loss_dif": 1.7245303153991705, "eval_reward": 37.72242561122572, "best_min": -8.690379066189845, "best_mean": 1372.0472461058282}
