{"_timestamp": 1597912363.3333738, "_step": 2010002, "PPO_120/train/average_reward": 1586.0028076171875, "PPO_120/rollout/ep_rew_mean": 1217.6226806640625, "PPO_120/time/fps": 494.0, "_runtime": 44599.29482650757, "PPO_120/rollout/ep_len_mean": 4999.0, "global_step": 2015232, "PPO_120/global_step": 2015232, "PPO_120/train/std": 0.6485716104507446, "PPO_120/train/explained_variance": -25.942157745361328, "PPO_120/train/policy_gradient_loss": -0.01485317200422287, "PPO_120/train/entropy_loss": -7.895538330078125, "PPO_120/train/approx_kl": 0.02234351634979248, "PPO_120/train/clip_range": 0.20000000298023224, "PPO_120/train/clip_fraction": 0.22282609343528748, "PPO_120/train/loss": 24.114896774291992, "PPO_120/train/value_loss": 54.31658172607422, "PPO_120/train/learning_rate": 0.0020000000949949026, "loss_dif": -3.7256479263305664, "domain_progress": 1, "eval_reward": 1625.5824246982643, "best_mean": 1862.1390856232695, "best_min": 60.53840508145077}
