{"time/fps": 437.0, "_step": 2010002, "train/average_reward": 1884.1256103515625, "_runtime": 4619.6365530490875, "_timestamp": 1595829873.341424, "rollout/ep_rew_mean": 1092.6806640625, "rollout/ep_len_mean": 4999.0, "global_step": 2015232, "train/clip_fraction": 0.27366864681243896, "train/policy_gradient_loss": -0.017427872866392136, "train/learning_rate": 0.002024397486820817, "train/explained_variance": -10.987069129943848, "train/loss": 22.130971908569336, "train/value_loss": 44.04449462890625, "train/std": 0.6833866238594055, "train/entropy_loss": -8.304110527038574, "train/approx_kl": 0.025968117639422417, "train/clip_range": 0.20000000298023224, "loss_dif": 1.6706272125244155, "domain_progress": 1, "best_mean": 2283.9389021856423, "best_min": 580.6549951531997, "eval_reward": 1939.356893900873}
