{"time/fps": 383.0, "rollout/ep_len_mean": 4999.0, "_runtime": 5262.503703117371, "train/average_reward": 326.43841552734375, "_step": 2010002, "global_step": 2015232, "_timestamp": 1596024043.236539, "rollout/ep_rew_mean": 29.826602935791016, "train/clip_fraction": 0.3695652186870575, "train/policy_gradient_loss": -0.011588471941649914, "train/learning_rate": 0.0020000000949949026, "train/explained_variance": -1.2322747707366943, "train/clip_range": 0.20000000298023224, "train/entropy_loss": -9.58839225769043, "train/std": 0.8014756441116333, "train/value_loss": 0.13458210229873657, "train/loss": 0.034703195095062256, "train/approx_kl": 0.02502201497554779, "domain_progress": 1, "loss_dif": 0.54271089695394, "eval_reward": 192.4302908009013, "best_mean": 888.936428449557, "best_min": -286.9761638971055}
