{"train/average_reward": 1.047735333442688, "_step": 2010002, "_timestamp": 1595761171.2225826, "time/fps": 267.0, "_runtime": 7538.599481582642, "rollout/ep_len_mean": 4999.0, "rollout/ep_rew_mean": 1.7833672761917114, "global_step": 2015232, "train/approx_kl": 0.004036146216094494, "train/std": 0.9664050340652466, "train/value_loss": 0.0008624952752143145, "train/learning_rate": 3.542652484611608e-05, "train/explained_variance": -18.866962432861328, "train/loss": -0.0025015142746269703, "train/policy_gradient_loss": -0.0008641454624012113, "train/clip_range": 0.20000000298023224, "train/entropy_loss": -11.07287311553955, "train/clip_fraction": 0.03765690326690674, "loss_dif": 0.0005446385592222213, "domain_progress": 0.0008226802442222838, "best_mean": 2.3396519702991516, "eval_reward": 1.3549822718578215, "best_min": 0.7086253984983714}
