{"train/average_reward": 1444.3951416015625, "_step": 2010002, "_runtime": 6973.588842391968, "global_step": 2015232, "_timestamp": 1595872432.5010185, "rollout/ep_len_mean": 4999.0, "rollout/ep_rew_mean": 1077.5543212890625, "time/fps": 289.0, "train/std": 0.6601219177246094, "train/entropy_loss": -8.00722885131836, "train/loss": 20.842113494873047, "train/policy_gradient_loss": -0.00953853689134121, "train/clip_range": 0.20000000298023224, "train/approx_kl": 0.013907643035054207, "train/clip_fraction": 0.11428572237491608, "train/explained_variance": -16.504981994628906, "train/value_loss": 39.76237487792969, "train/learning_rate": 0.001260212971828878, "domain_progress": 1, "loss_dif": 4.739308834075928, "eval_reward": 76.39068504042037, "best_min": 677.3690190424616, "best_mean": 2164.8072342874034}
