{"_timestamp": 1597899941.8768947, "global_step": 2015232, "PPO_117/rollout/ep_len_mean": 4999.0, "_step": 2010002, "_runtime": 32177.838347434998, "PPO_117/train/average_reward": 2287.65869140625, "PPO_117/time/fps": 487.0, "PPO_117/global_step": 2015232, "PPO_117/rollout/ep_rew_mean": 878.6292114257812, "PPO_117/train/loss": 30.63321876525879, "PPO_117/train/std": 0.7266444563865662, "PPO_117/train/value_loss": 56.246437072753906, "PPO_117/train/approx_kl": 0.021341068670153618, "PPO_117/train/entropy_loss": -8.78900146484375, "PPO_117/train/explained_variance": -43.60755920410156, "PPO_117/train/clip_fraction": 0.17934782803058624, "PPO_117/train/learning_rate": 0.0020000000949949026, "PPO_117/train/clip_range": 0.20000000298023224, "PPO_117/train/policy_gradient_loss": -0.011190700344741344, "loss_dif": 3.5594706535339355, "domain_progress": 1, "eval_reward": 1849.0961139063334, "best_mean": 2896.2301433780135, "best_min": 2041.6688051398398}
