{"PPO_170/rollout/ep_len_mean": 4999.0, "_runtime": 30073.2724673748, "global_step": 2015232, "PPO_170/train/average_reward": 120.802001953125, "PPO_170/global_step": 2015232, "_step": 2010002, "PPO_170/rollout/ep_rew_mean": 71.32533264160156, "PPO_170/time/fps": 411.0, "_timestamp": 1598725931.9256845, "PPO_170/train/explained_variance": -0.7305294275283813, "PPO_170/train/learning_rate": 0.0020000000949949026, "PPO_170/train/approx_kl": 0.03239310905337334, "PPO_170/train/value_loss": 0.20492298901081085, "PPO_170/train/std": 0.7409554123878479, "PPO_170/train/loss": 0.09291022270917892, "PPO_170/train/entropy_loss": -8.947244644165039, "PPO_170/train/clip_fraction": 0.3804347813129425, "PPO_170/train/clip_range": 0.20000000298023224, "PPO_170/train/policy_gradient_loss": -0.016413891687989235, "loss_dif": 1.628638806939125, "domain_progress": 0.9132670965008443, "best_min": 382.96774717865424, "best_mean": 1485.9241428832543, "eval_reward": 38.08113785964235}
