{"_runtime": 4138.86793589592, "rollout/ep_rew_mean": 331.75531005859375, "global_step": 2015232, "time/fps": 487.0, "train/average_reward": 459.450927734375, "rollout/ep_len_mean": 4999.0, "_timestamp": 1595919695.0090039, "_step": 2010002, "train/clip_fraction": 0.24137930572032928, "train/clip_range": 0.20000000298023224, "train/entropy_loss": -8.489232063293457, "train/value_loss": 25.354812622070312, "train/explained_variance": -53.41017532348633, "train/learning_rate": 0.0022486986126750708, "train/std": 0.6987575888633728, "train/policy_gradient_loss": -0.007351835258305073, "train/loss": 9.803975105285645, "train/approx_kl": 0.019143428653478622, "domain_progress": 1, "loss_dif": -1.1687635421752924, "eval_reward": 59.6734692784327, "best_min": -555.3319042282629, "best_mean": 1825.684604335522}
