{"_step": 210002, "_runtime": 784.0572814941406, "global_step": 212992, "_timestamp": 1597852611.5889902, "time/fps": 277.0, "rollout/ep_rew_mean": 33.43531036376953, "rollout/ep_len_mean": 4999.0, "train/average_reward": 65.53814697265625, "train/clip_fraction": 0.14130434393882751, "train/std": 0.973080039024353, "train/clip_range": 0.20000000298023224, "train/approx_kl": 0.02003246545791626, "train/explained_variance": -2.8948488235473633, "train/value_loss": 0.03428087383508682, "train/learning_rate": 0.0020000000949949026, "train/policy_gradient_loss": -0.016967305913567543, "train/entropy_loss": -11.150053977966309, "train/loss": -0.01763465814292431, "domain_progress": 0.0001261439644731581, "loss_dif": 0.0011957962065935138, "best_mean": 1.2259478358591385, "eval_reward": -26.22697328309322, "best_min": -3.7067086830797775}
