{"_runtime": 6097.149830818176, "_timestamp": 1596212576.2868083, "time/fps": 330.0, "global_step": 2015232, "train/average_reward": 47.37509536743164, "rollout/ep_len_mean": 4999.0, "rollout/ep_rew_mean": 362.773681640625, "_step": 2010002, "train/clip_range": 0.20000000298023224, "train/value_loss": 0.07498601078987122, "train/entropy_loss": -8.589285850524902, "train/explained_variance": -0.8195456266403198, "train/approx_kl": 0.03931603580713272, "train/clip_fraction": 0.47826087474823, "train/std": 0.7098889350891113, "train/loss": 0.011078111827373505, "train/learning_rate": 0.0020000000949949026, "train/policy_gradient_loss": -0.00775622483342886, "loss_dif": -0.5985890701413155, "domain_progress": 1, "eval_reward": 28.504002338614672, "best_mean": 362.13397885394744, "best_min": -23.86450150713504}
