{"PPO_175/train/average_reward": 980.0645141601562, "_runtime": 51691.912954092026, "PPO_175/rollout/ep_len_mean": 4999.0, "global_step": 2015232, "PPO_175/rollout/ep_rew_mean": 207.54978942871094, "PPO_175/global_step": 2015232, "_step": 2010002, "_timestamp": 1598747550.5661712, "PPO_175/time/fps": 532.0, "PPO_175/train/approx_kl": 0.02269967831671238, "PPO_175/train/clip_fraction": 0.2771739065647125, "PPO_175/train/clip_range": 0.20000000298023224, "PPO_175/train/entropy_loss": -10.547279357910156, "PPO_175/train/std": 0.9044896364212036, "PPO_175/train/learning_rate": 0.0020000000949949026, "PPO_175/train/explained_variance": -3.7755603790283203, "PPO_175/train/value_loss": 3.6242783069610596, "PPO_175/train/policy_gradient_loss": -0.008563224226236343, "PPO_175/train/loss": 2.369136095046997, "loss_dif": -1.2061415195465095, "domain_progress": 1, "best_min": 157.74290038012177, "best_mean": 1897.5517817928142, "eval_reward": 1897.5517817928142}
