{"global_step": 16384, "_step": 0, "rollout/ep_rew_mean": -3.94901967048645, "_runtime": 38.81476354598999, "train/average_reward": -3.9490199089050293, "time/fps": 718.0, "rollout/ep_len_mean": 4999.0, "_timestamp": 1597865756.4843807}
