{"_step": 420002, "PPO_163/rollout/ep_len_mean": 4999.0, "_runtime": 19147.12179684639, "_timestamp": 1598661078.8376842, "PPO_163/train/average_reward": 298.01165771484375, "global_step": 425984, "PPO_163/rollout/ep_rew_mean": 125.90647888183594, "PPO_163/global_step": 425984, "PPO_163/time/fps": 272.0, "PPO_163/train/loss": 2.6506187915802, "PPO_163/train/clip_fraction": 0.2554347813129425, "PPO_163/train/explained_variance": -3.009340763092041, "PPO_163/train/std": 0.9430543184280396, "PPO_163/train/approx_kl": 0.01893620938062668, "PPO_163/train/learning_rate": 0.0020000000949949026, "PPO_163/train/entropy_loss": -10.89404582977295, "PPO_163/train/value_loss": 5.140941619873047, "PPO_163/train/clip_range": 0.20000000298023224, "PPO_163/train/policy_gradient_loss": -0.014988932758569717, "loss_dif": 1.52486216686666, "domain_progress": 0.08738803678378462, "best_mean": 1329.9893706098378, "best_min": -235.12773310813398, "eval_reward": 1329.9893706098378}
