{"_timestamp": 1597887525.516206, "PPO_114/rollout/ep_rew_mean": 509.9021301269531, "global_step": 2015232, "_step": 2010002, "PPO_114/train/average_reward": 665.9254760742188, "PPO_114/time/fps": 423.0, "PPO_114/global_step": 2015232, "_runtime": 19761.477658748627, "PPO_114/rollout/ep_len_mean": 4999.0, "PPO_114/train/entropy_loss": -7.969143867492676, "PPO_114/train/clip_range": 0.20000000298023224, "PPO_114/train/learning_rate": 0.0020000000949949026, "PPO_114/train/approx_kl": 0.06850457936525345, "PPO_114/train/explained_variance": -10.432821273803711, "PPO_114/train/value_loss": 2.0512449741363525, "PPO_114/train/policy_gradient_loss": -0.005313894711434841, "PPO_114/train/clip_fraction": 0.4836956560611725, "PPO_114/train/std": 0.6571901440620422, "PPO_114/train/loss": 1.5415067672729492, "loss_dif": -5.6674238532781605, "domain_progress": 1, "eval_reward": 228.4262028556748, "best_mean": 2532.995961644102, "best_min": 976.2771108755152}
