{"global_step": 2015232, "_step": 2010002, "_runtime": 29833.297183036804, "PPO_149/rollout/ep_rew_mean": 1504.878662109375, "PPO_149/time/fps": 590.0, "_timestamp": 1598069038.8114307, "PPO_149/train/average_reward": 1526.0823974609375, "PPO_149/global_step": 2015232, "PPO_149/rollout/ep_len_mean": 4999.0, "PPO_149/train/explained_variance": -11.454070091247559, "PPO_149/train/approx_kl": 0.034555669873952866, "PPO_149/train/clip_range": 0.20000000298023224, "PPO_149/train/std": 0.7306081056594849, "PPO_149/train/learning_rate": 0.0020000000949949026, "PPO_149/train/loss": 8.933591842651367, "PPO_149/train/clip_fraction": 0.33695653080940247, "PPO_149/train/policy_gradient_loss": -0.01175446156412363, "PPO_149/train/value_loss": 17.76423454284668, "PPO_149/train/entropy_loss": -8.845311164855957, "domain_progress": 1, "loss_dif": -3.409563827514649, "best_mean": 2815.151549220244, "best_min": -43.01059903534748, "eval_reward": 396.31235366430786}
