{"rollout/ep_rew_mean": 26.04560089111328, "time/fps": 413.0, "global_step": 1376256, "rollout/ep_len_mean": 4999.0, "_step": 1350003, "train/average_reward": -348.033203125, "_runtime": 3344.479011774063, "_timestamp": 1595927445.4321034, "train/std": 1.0492198467254639, "train/clip_fraction": 0.2549999952316284, "train/policy_gradient_loss": -0.018222736194729805, "train/loss": 17.253053665161133, "train/approx_kl": 0.01565205492079258, "train/explained_variance": -229.38673400878906, "train/entropy_loss": -11.732138633728027, "train/clip_range": 0.20000000298023224, "train/learning_rate": 0.002111344365403056, "train/value_loss": 39.15431213378906, "domain_progress": 0.5066779878884553, "loss_dif": 0.070715993642807, "eval_reward": -25.810245170115493, "best_min": 217.05568853796845, "best_mean": 1558.609186535313}
