{"_runtime": 43781.513561964035, "global_step": 2015232, "PPO_173/time/fps": 455.0, "PPO_173/train/average_reward": 74.68101501464844, "PPO_173/global_step": 2015232, "PPO_173/rollout/ep_rew_mean": 427.0709228515625, "_step": 2010002, "PPO_173/rollout/ep_len_mean": 4999.0, "_timestamp": 1598739640.166779, "PPO_173/train/std": 0.664547860622406, "PPO_173/train/policy_gradient_loss": -0.01181082148104906, "PPO_173/train/learning_rate": 0.0020000000949949026, "PPO_173/train/approx_kl": 0.0323086678981781, "PPO_173/train/entropy_loss": -8.062670707702637, "PPO_173/train/clip_fraction": 0.32608696818351746, "PPO_173/train/clip_range": 0.20000000298023224, "PPO_173/train/loss": 0.02182203158736229, "PPO_173/train/value_loss": 0.09432999789714813, "PPO_173/train/explained_variance": -5.812835216522217, "loss_dif": -0.015124911069869993, "domain_progress": 1, "best_min": 1419.4341780122268, "best_mean": 2107.1452588662505, "eval_reward": 13.13948970965357}
