{"_runtime": 4645.243793725967, "_step": 2010002, "global_step": 2015232, "time/fps": 434.0, "train/average_reward": 1774.412841796875, "rollout/ep_len_mean": 4999.0, "_timestamp": 1596266746.1571643, "rollout/ep_rew_mean": 1521.3817138671875, "train/loss": 34.713348388671875, "train/entropy_loss": -9.500933647155762, "train/approx_kl": 0.01502360962331295, "train/explained_variance": -31.30728530883789, "train/std": 0.7930220365524292, "train/clip_fraction": 0.29347825050354004, "train/value_loss": 72.62142181396484, "train/learning_rate": 0.0020000000949949026, "train/clip_range": 0.20000000298023224, "train/policy_gradient_loss": -0.014288096688687801, "domain_progress": 1, "loss_dif": -0.6673509597778313, "best_min": 45.69072270441951, "eval_reward": 1571.8438465186623, "best_mean": 1571.8438465186623}
