{"rollout/ep_len_mean": 4999.0, "rollout/ep_rew_mean": 492.3925476074219, "_timestamp": 1595766483.5975583, "global_step": 2015232, "_runtime": 5301.105734348297, "time/fps": 380.0, "_step": 2010002, "train/average_reward": 55.0957145690918, "train/learning_rate": 0.0019631970208138227, "train/clip_range": 0.20000000298023224, "train/clip_fraction": 0.4275659918785095, "train/policy_gradient_loss": -0.013460417278110981, "train/std": 0.7097206115722656, "train/approx_kl": 0.03676526993513107, "train/loss": 1.8409191370010376, "train/entropy_loss": -8.597212791442871, "train/explained_variance": -12.284088134765625, "train/value_loss": 3.847299098968506, "domain_progress": 1, "loss_dif": -4.31991326212883, "best_mean": 1887.8144252117693, "best_min": 786.3321645637187, "eval_reward": 690.3690882663811}
