{"rollout/ep_rew_mean": 729.6846313476562, "time/fps": 433.0, "global_step": 1490944, "_step": 1500001, "_timestamp": 1595881980.799585, "rollout/ep_len_mean": 4999.0, "_runtime": 3462.098575592041, "train/average_reward": 368.1622314453125, "train/clip_range": 0.20000000298023224, "train/policy_gradient_loss": -0.007266188506036997, "train/clip_fraction": 0.2736111283302307, "train/explained_variance": -48.92948532104492, "train/std": 0.7802755832672119, "train/value_loss": 5.03101921081543, "train/entropy_loss": -9.363959312438965, "train/learning_rate": 0.001389930839650333, "train/loss": 1.981932282447815, "train/approx_kl": 0.024568764492869377, "loss_dif": -7.527993109822274, "domain_progress": 1, "eval_reward": 497.10115821771774, "best_mean": 1637.200699572532, "best_min": -2062.8585924504423}
