{"global_step": 2015232, "time/fps": 307.0, "rollout/ep_len_mean": 4999.0, "_timestamp": 1595815802.2614748, "_runtime": 6567.819315671921, "train/average_reward": 220.0286102294922, "rollout/ep_rew_mean": 306.4585876464844, "_step": 2010002, "train/learning_rate": 0.0023657213896512985, "train/loss": 4.737473487854004, "train/explained_variance": -53.11796569824219, "train/value_loss": 7.004891872406006, "train/approx_kl": 0.09538591653108597, "train/clip_range": 0.20000000298023224, "train/clip_fraction": 0.550000011920929, "train/entropy_loss": -12.480624198913574, "train/std": 1.1555322408676147, "train/policy_gradient_loss": 0.016233962029218674, "domain_progress": 0.5998927748184651, "loss_dif": 0.14006975069642066, "eval_reward": 0.2593931025174772, "best_mean": 1383.2474431294715, "best_min": 35.61529722685706}
