{"_runtime": 8008.745433807373, "_step": 2000001, "time/fps": 250.0, "global_step": 2000896, "_timestamp": 1598618773.4859567, "train/loss": 0.23560218513011932, "train/std": 0.6481990218162537, "train/approx_kl": 0.0010519851930439472, "train/value_loss": 0.6161335110664368, "train/clip_range": 0.20000000298023224, "train/explained_variance": -43540.296875, "train/policy_gradient_loss": -0.00206500431522727, "train/clip_fraction": 0.28629031777381897, "train/learning_rate": 0.0020000000949949026, "train/entropy_loss": -7.727912902832031, "train/average_reward": 713.0759887695312, "rollout/ep_len_mean": 4999.0, "rollout/ep_rew_mean": 991.8734130859375, "domain_progress": 1, "loss_dif": 0.23474511504173276, "eval_reward": 783.374892928778, "best_min": 542.5995863424453, "best_mean": 1361.8707190304383}
