{"global_step": 2015232, "PPO_143/rollout/ep_rew_mean": 39.827552795410156, "_step": 2010002, "PPO_143/global_step": 2015232, "_runtime": 7133.194800376892, "PPO_143/train/average_reward": -397.4989013671875, "_timestamp": 1598046338.709048, "PPO_143/time/fps": 561.0, "PPO_143/rollout/ep_len_mean": 4999.0, "PPO_143/train/policy_gradient_loss": -0.014710773713886738, "PPO_143/train/entropy_loss": -9.008045196533203, "PPO_143/train/approx_kl": 0.033116329461336136, "PPO_143/train/clip_range": 0.20000000298023224, "PPO_143/train/std": 0.7471752762794495, "PPO_143/train/learning_rate": 0.0020000000949949026, "PPO_143/train/explained_variance": -13.184999465942383, "PPO_143/train/value_loss": 6.273913383483887, "PPO_143/train/clip_fraction": 0.375, "PPO_143/train/loss": 3.4170589447021484, "domain_progress": 1, "loss_dif": -10.070659065246582, "best_mean": 2369.169607669018, "best_min": -24.846792735020166, "eval_reward": 360.34064448531615}
