{"_timestamp": 1597955945.6875827, "PPO_128/rollout/ep_rew_mean": 1391.266845703125, "global_step": 2015232, "PPO_128/global_step": 2015232, "_runtime": 11928.316827058792, "PPO_128/rollout/ep_len_mean": 4999.0, "_step": 2010002, "PPO_128/train/average_reward": 1039.517333984375, "PPO_128/time/fps": 397.0, "PPO_128/train/loss": 12.221890449523926, "PPO_128/train/std": 0.6708762049674988, "PPO_128/train/value_loss": 28.1447696685791, "PPO_128/train/learning_rate": 0.0020000000949949026, "PPO_128/train/explained_variance": -9.193719863891602, "PPO_128/train/policy_gradient_loss": -0.013853386975824833, "PPO_128/train/clip_fraction": 0.28260868787765503, "PPO_128/train/clip_range": 0.20000000298023224, "PPO_128/train/approx_kl": 0.03561508655548096, "PPO_128/train/entropy_loss": -8.144014358520508, "loss_dif": 3.8282600402832045, "domain_progress": 1, "eval_reward": 11.941825861571074, "best_min": 225.71930199459067, "best_mean": 1555.256566636039}
