{"_runtime": 6069.368607759476, "rollout/ep_len_mean": 4999.0, "time/fps": 332.0, "_timestamp": 1595878509.4633026, "global_step": 2015232, "train/average_reward": 124.19538879394531, "rollout/ep_rew_mean": 337.93609619140625, "_step": 2010002, "train/approx_kl": 0.02491140365600586, "train/loss": 2.274142026901245, "train/learning_rate": 0.001427289331331849, "train/entropy_loss": -8.395750045776367, "train/value_loss": 3.480407953262329, "train/clip_fraction": 0.39910316467285156, "train/clip_range": 0.20000000298023224, "train/explained_variance": -261.4794616699219, "train/policy_gradient_loss": -0.011876276694238186, "train/std": 0.6932283639907837, "loss_dif": -0.5965246737003325, "domain_progress": 1, "eval_reward": 5.778562516235195, "best_min": -191.6108771991316, "best_mean": 1851.043676244369}
