{"global_step": 2015232, "_step": 2010002, "PPO_155/train/average_reward": 483.49615478515625, "_runtime": 50705.902698755264, "PPO_155/rollout/ep_rew_mean": 403.74591064453125, "_timestamp": 1598089911.4169464, "PPO_155/time/fps": 577.0, "PPO_155/global_step": 2015232, "PPO_155/rollout/ep_len_mean": 4999.0, "PPO_155/train/std": 0.7036197781562805, "PPO_155/train/entropy_loss": -8.547879219055176, "PPO_155/train/approx_kl": 0.03049270249903202, "PPO_155/train/explained_variance": -110.61557006835938, "PPO_155/train/clip_range": 0.20000000298023224, "PPO_155/train/learning_rate": 0.0020000000949949026, "PPO_155/train/clip_fraction": 0.30978259444236755, "PPO_155/train/policy_gradient_loss": -0.012631134130060673, "PPO_155/train/value_loss": 36.97689437866211, "PPO_155/train/loss": 11.608136177062988, "domain_progress": 1, "loss_dif": -1.2978814974427224, "best_mean": 2371.837882561128, "best_min": 159.8861852636066, "eval_reward": -1231.0504559069207}
