{"rollout/ep_rew_mean": 601.1917724609375, "time/fps": 447.0, "rollout/ep_len_mean": 4999.0, "_step": 2010002, "train/average_reward": 568.9754028320312, "_timestamp": 1595776979.2550423, "_runtime": 4511.683343887329, "global_step": 2015232, "train/loss": 5.641184329986572, "train/entropy_loss": -7.925910472869873, "train/explained_variance": -27.80776023864746, "train/clip_fraction": 0.3972468078136444, "train/approx_kl": 0.040145859122276306, "train/learning_rate": 0.002004987094551325, "train/policy_gradient_loss": -0.013268919661641121, "train/value_loss": 11.03309154510498, "train/clip_range": 0.20000000298023224, "train/std": 0.6509958505630493, "loss_dif": -1.2552317142486569, "domain_progress": 1, "best_min": 853.4970050828438, "eval_reward": 1095.652955201952, "best_mean": 1885.145415559611}
