{"rollout/ep_rew_mean": 998.9925537109375, "rollout/ep_len_mean": 4999.0, "_step": 2010002, "_timestamp": 1595911676.0829816, "train/average_reward": 924.290771484375, "_runtime": 3949.3316280841827, "global_step": 2015232, "time/fps": 510.0, "train/entropy_loss": -11.118453979492188, "train/clip_range": 0.20000000298023224, "train/value_loss": 11.635038375854492, "train/explained_variance": -54.53247833251953, "train/loss": 7.3914079666137695, "train/clip_fraction": 0.048076923936605453, "train/approx_kl": 0.005953520070761442, "train/learning_rate": 0.00012269725266378373, "train/std": 0.970963716506958, "train/policy_gradient_loss": -0.004868151154369116, "loss_dif": 0.2521824598312392, "domain_progress": 1, "best_mean": 1224.06005362462, "eval_reward": 1224.06005362462, "best_min": 10.060840547240744}
