{"_timestamp": 1597904071.563057, "PPO_118/rollout/ep_rew_mean": 949.9083862304688, "_step": 2010002, "PPO_118/train/average_reward": 823.9500122070312, "PPO_118/time/fps": 488.0, "_runtime": 36307.52450966835, "PPO_118/rollout/ep_len_mean": 4999.0, "global_step": 2015232, "PPO_118/global_step": 2015232, "PPO_118/train/learning_rate": 0.0020000000949949026, "PPO_118/train/value_loss": 31.463699340820312, "PPO_118/train/loss": 13.802824020385742, "PPO_118/train/approx_kl": 0.014793175272643566, "PPO_118/train/std": 0.7263334393501282, "PPO_118/train/clip_fraction": 0.17391304671764374, "PPO_118/train/policy_gradient_loss": -0.010016116313636303, "PPO_118/train/clip_range": 0.20000000298023224, "PPO_118/train/entropy_loss": -8.77859115600586, "PPO_118/train/explained_variance": -36.55066680908203, "loss_dif": -2.0272076606750495, "domain_progress": 1, "eval_reward": -401.73492929938504, "best_mean": 2453.6876364128398, "best_min": 248.4005019630941}
