{"_timestamp": 1595839798.0384974, "time/fps": 397.0, "global_step": 2015232, "_step": 2010002, "train/average_reward": 1368.38330078125, "rollout/ep_rew_mean": 652.0357666015625, "_runtime": 5077.924192667007, "rollout/ep_len_mean": 4999.0, "train/explained_variance": -33.708919525146484, "train/clip_fraction": 0.17868338525295258, "train/clip_range": 0.20000000298023224, "train/loss": 39.802284240722656, "train/policy_gradient_loss": -0.014006352983415127, "train/approx_kl": 0.012585794553160667, "train/value_loss": 93.11247253417969, "train/std": 0.6799366474151611, "train/entropy_loss": -8.27483081817627, "train/learning_rate": 0.0005682915798388422, "loss_dif": 1.4354352951049805, "domain_progress": 1, "best_min": 417.11363248527425, "best_mean": 2274.8076166590226, "eval_reward": -40.629759848925076}
