{"_timestamp": 1596031944.0668445, "train/average_reward": 1255.3741455078125, "rollout/ep_rew_mean": 1663.529541015625, "rollout/ep_len_mean": 4999.0, "global_step": 2015232, "_step": 2010002, "_runtime": 5417.3889882564545, "time/fps": 372.0, "train/loss": 29.27861213684082, "train/value_loss": 63.356693267822266, "train/approx_kl": 0.03018527664244175, "train/entropy_loss": -8.547907829284668, "train/clip_fraction": 0.2663043439388275, "train/clip_range": 0.20000000298023224, "train/explained_variance": -32.36809158325195, "train/learning_rate": 0.0020000000949949026, "train/policy_gradient_loss": -0.013451755978167057, "train/std": 0.7044098377227783, "domain_progress": 1, "loss_dif": -2.04451065063477, "eval_reward": 2449.0009289076197, "best_mean": 2449.0009289076197, "best_min": -303.60632895380047}
