{"_step": 2010002, "_timestamp": 1595915544.9990306, "rollout/ep_rew_mean": 1530.5809326171875, "rollout/ep_len_mean": 4999.0, "global_step": 2015232, "time/fps": 522.0, "train/average_reward": 1903.3834228515625, "_runtime": 3859.9838914871216, "train/clip_fraction": 0.16020408272743225, "train/entropy_loss": -7.661466598510742, "train/explained_variance": -30.58346176147461, "train/std": 0.6336902379989624, "train/learning_rate": 0.0010185424471274018, "train/value_loss": 47.377742767333984, "train/loss": 21.841344833374023, "train/approx_kl": 0.010543662123382092, "train/clip_range": 0.20000000298023224, "train/policy_gradient_loss": -0.009617529809474945, "domain_progress": 1, "loss_dif": -3.7873343467712406, "best_mean": 2067.5051057493465, "best_min": 717.6960621764555, "eval_reward": 1528.6039338013286}
