{"global_step": 2015232, "_step": 2010002, "_runtime": 26416.609565258026, "_timestamp": 1598065622.123813, "PPO_148/rollout/ep_rew_mean": 53.652679443359375, "PPO_148/global_step": 2015232, "PPO_148/rollout/ep_len_mean": 4999.0, "PPO_148/time/fps": 559.0, "PPO_148/train/average_reward": 138.9752960205078, "PPO_148/train/value_loss": 0.082332082092762, "PPO_148/train/clip_range": 0.20000000298023224, "PPO_148/train/entropy_loss": -9.447629928588867, "PPO_148/train/learning_rate": 0.0020000000949949026, "PPO_148/train/explained_variance": -18.363563537597656, "PPO_148/train/std": 0.7891148328781128, "PPO_148/train/policy_gradient_loss": -0.020210113376379013, "PPO_148/train/clip_fraction": 0.3913043439388275, "PPO_148/train/loss": 0.013613291084766388, "PPO_148/train/approx_kl": 0.034832198172807693, "domain_progress": 0.9303231075666848, "loss_dif": -0.04097263403236866, "best_mean": 2295.7115059845396, "best_min": -46.69632883003621, "eval_reward": 161.03286697909232}
