{"PPO_138/global_step": 2015232, "_timestamp": 1598002835.5358934, "global_step": 2015232, "PPO_138/rollout/ep_len_mean": 4999.0, "PPO_138/train/average_reward": 336.9283752441406, "_runtime": 58818.16513776779, "PPO_138/time/fps": 469.0, "_step": 2010002, "PPO_138/rollout/ep_rew_mean": 463.2981262207031, "PPO_138/train/clip_fraction": 0.43478262424468994, "PPO_138/train/explained_variance": -1.3657033443450928, "PPO_138/train/learning_rate": 0.0020000000949949026, "PPO_138/train/std": 0.7179887890815735, "PPO_138/train/value_loss": 0.25936785340309143, "PPO_138/train/policy_gradient_loss": -0.009029854089021683, "PPO_138/train/loss": 0.14304019510746002, "PPO_138/train/clip_range": 0.20000000298023224, "PPO_138/train/entropy_loss": -8.680815696716309, "PPO_138/train/approx_kl": 0.04327839985489845, "loss_dif": -1.119399655610323, "domain_progress": 1, "eval_reward": 1815.1873500001827, "best_min": 610.9389188691359, "best_mean": 2094.5602401020597}
