{"PPO_168/time/fps": 458.0, "_runtime": 20981.533483028412, "global_step": 2015232, "PPO_168/train/average_reward": 200.18133544921875, "_step": 2010002, "PPO_168/rollout/ep_len_mean": 4999.0, "PPO_168/global_step": 2015232, "_timestamp": 1598716840.1867, "PPO_168/rollout/ep_rew_mean": 355.86187744140625, "PPO_168/train/approx_kl": 0.024480333551764488, "PPO_168/train/policy_gradient_loss": -0.010139402002096176, "PPO_168/train/std": 0.6604527235031128, "PPO_168/train/clip_fraction": 0.3913043439388275, "PPO_168/train/learning_rate": 0.0020000000949949026, "PPO_168/train/value_loss": 0.09036685526371002, "PPO_168/train/entropy_loss": -8.025785446166992, "PPO_168/train/clip_range": 0.20000000298023224, "PPO_168/train/explained_variance": -0.3636516332626343, "PPO_168/train/loss": 0.027958853170275688, "loss_dif": 0.4105266481637956, "domain_progress": 1, "best_min": 2.105701588113851, "best_mean": 1721.5657958351476, "eval_reward": 62.825430368270794}
