{"_timestamp": 1597891547.0788407, "PPO_115/global_step": 2015232, "_step": 2010002, "PPO_115/rollout/ep_len_mean": 4999.0, "PPO_115/rollout/ep_rew_mean": 1688.8907470703125, "PPO_115/train/average_reward": 1589.071044921875, "PPO_115/time/fps": 502.0, "_runtime": 23783.040293455124, "global_step": 2015232, "PPO_115/train/policy_gradient_loss": -0.015128669328987598, "PPO_115/train/std": 0.7191050052642822, "PPO_115/train/explained_variance": -12.89751148223877, "PPO_115/train/entropy_loss": -8.711799621582031, "PPO_115/train/value_loss": 22.864255905151367, "PPO_115/train/learning_rate": 0.0020000000949949026, "PPO_115/train/clip_fraction": 0.3478260934352875, "PPO_115/train/approx_kl": 0.02928108349442482, "PPO_115/train/loss": 10.944733619689941, "PPO_115/train/clip_range": 0.20000000298023224, "loss_dif": -1.8544887542724613, "domain_progress": 1, "eval_reward": 935.808258503952, "best_mean": 2683.5175841450514, "best_min": 260.12274554030176}
