{"time/fps": 477.0, "_step": 2010002, "rollout/ep_len_mean": 4999.0, "rollout/ep_rew_mean": 469.9570007324219, "train/average_reward": 928.9176025390625, "global_step": 2015232, "_runtime": 4227.687321662903, "_timestamp": 1595886456.3746998, "train/policy_gradient_loss": -0.014767314307391644, "train/clip_fraction": 0.23694778978824615, "train/entropy_loss": -9.408661842346191, "train/learning_rate": 0.0014576951507478952, "train/explained_variance": -40.46280288696289, "train/std": 0.7835522890090942, "train/approx_kl": 0.025737499818205833, "train/value_loss": 24.419677734375, "train/clip_range": 0.20000000298023224, "train/loss": 11.184222221374512, "domain_progress": 1, "loss_dif": -1.551143303513527, "eval_reward": 172.3201610111201, "best_mean": 2102.4926548087265, "best_min": -278.4010059658803}
