{"global_step": 2015232, "_step": 2010002, "_runtime": 47210.48663473129, "PPO_154/rollout/ep_rew_mean": 1051.269775390625, "PPO_154/rollout/ep_len_mean": 4999.0, "PPO_154/global_step": 2015232, "_timestamp": 1598086416.0008824, "PPO_154/train/average_reward": 1001.2595825195312, "PPO_154/time/fps": 605.0, "PPO_154/train/clip_range": 0.20000000298023224, "PPO_154/train/entropy_loss": -8.533239364624023, "PPO_154/train/learning_rate": 0.0020000000949949026, "PPO_154/train/loss": 17.301618576049805, "PPO_154/train/value_loss": 33.07835006713867, "PPO_154/train/clip_fraction": 0.25, "PPO_154/train/explained_variance": -60.893165588378906, "PPO_154/train/std": 0.7019666433334351, "PPO_154/train/approx_kl": 0.024475324898958206, "PPO_154/train/policy_gradient_loss": -0.010916407220065594, "domain_progress": 1, "loss_dif": -3.743013668060303, "best_mean": 2272.794187559071, "best_min": 2.0055261374307043, "eval_reward": 799.906824147566}
