{"global_step": 2015232, "_step": 2010002, "PPO_150/rollout/ep_len_mean": 4999.0, "_runtime": 33375.83622908592, "PPO_150/train/average_reward": 2193.4111328125, "_timestamp": 1598072581.3504767, "PPO_150/rollout/ep_rew_mean": 778.8673095703125, "PPO_150/global_step": 2015232, "PPO_150/time/fps": 569.0, "PPO_150/train/entropy_loss": -8.344106674194336, "PPO_150/train/approx_kl": 0.016537534072995186, "PPO_150/train/clip_range": 0.20000000298023224, "PPO_150/train/clip_fraction": 0.239130437374115, "PPO_150/train/learning_rate": 0.0020000000949949026, "PPO_150/train/policy_gradient_loss": -0.018700527027249336, "PPO_150/train/explained_variance": -25.812393188476562, "PPO_150/train/value_loss": 95.93946075439453, "PPO_150/train/std": 0.6852870583534241, "PPO_150/train/loss": 49.223846435546875, "domain_progress": 1, "loss_dif": 3.172513198852535, "best_mean": 5731.863776613914, "best_min": 4470.19986696567, "eval_reward": 5480.804742688953}
