{"train/average_reward": 134.51087951660156, "global_step": 2015232, "rollout/ep_len_mean": 4999.0, "_step": 2010002, "_runtime": 4383.305632829666, "rollout/ep_rew_mean": 776.732421875, "time/fps": 460.0, "_timestamp": 1595924088.8807948, "train/entropy_loss": -9.860448837280273, "train/loss": 0.13515011966228485, "train/std": 0.8285201191902161, "train/clip_fraction": 0.5409482717514038, "train/clip_range": 0.20000000298023224, "train/policy_gradient_loss": 0.01508141215890646, "train/approx_kl": 0.10422535240650177, "train/explained_variance": -0.9492706060409546, "train/value_loss": 0.5550110340118408, "train/learning_rate": 0.0021727564744651318, "domain_progress": 0.6316045244112611, "loss_dif": -2.0760553240776076, "best_mean": 2170.246662176581, "eval_reward": 1412.3950531755688, "best_min": 8.400881592543895}
