{"rollout/ep_rew_mean": 238.60394287109375, "train/average_reward": 191.7224578857422, "_runtime": 4517.914410114288, "_timestamp": 1598031157.670101, "rollout/ep_len_mean": 4999.0, "time/fps": 446.0, "_step": 2010002, "global_step": 2015232, "train/value_loss": 5.717233180999756, "train/explained_variance": -58.50117111206055, "train/std": 0.6807133555412292, "train/loss": 3.2946038246154785, "train/policy_gradient_loss": -0.009343449026346207, "train/approx_kl": 0.07512237131595612, "train/clip_range": 0.20000000298023224, "train/learning_rate": 0.0020000000949949026, "train/clip_fraction": 0.532608687877655, "train/entropy_loss": -8.281192779541016, "loss_dif": -4.7773018240928655, "domain_progress": 1, "eval_reward": 13.588605659371257, "best_mean": 320.01615799174414, "best_min": 79.65652687815329}
