{"_timestamp": 1597920676.1884646, "PPO_122/rollout/ep_rew_mean": 716.302001953125, "_step": 1290001, "PPO_122/time/fps": 422.0, "PPO_122/global_step": 1277952, "PPO_122/rollout/ep_len_mean": 4999.0, "PPO_122/train/average_reward": 628.2418212890625, "_runtime": 52912.14991736412, "global_step": 1277952, "PPO_122/train/loss": 3.8303987979888916, "PPO_122/train/clip_fraction": 0.375, "PPO_122/train/entropy_loss": -9.149206161499023, "PPO_122/train/explained_variance": -6.882553577423096, "PPO_122/train/std": 0.7595232725143433, "PPO_122/train/policy_gradient_loss": -0.010266817174851894, "PPO_122/train/learning_rate": 0.0020000000949949026, "PPO_122/train/value_loss": 7.284356117248535, "PPO_122/train/clip_range": 0.20000000298023224, "PPO_122/train/approx_kl": 0.03646109253168106, "loss_dif": 0.8255065917968745, "domain_progress": 1, "eval_reward": 877.7661513223156, "best_mean": 2095.703736119326, "best_min": 529.8113156791611}
