{"_timestamp": 1597936587.3244536, "PPO_125/rollout/ep_len_mean": 4999.0, "PPO_125/rollout/ep_rew_mean": 1287.737060546875, "PPO_125/global_step": 2015232, "PPO_125/time/fps": 401.0, "global_step": 2015232, "_step": 2010002, "PPO_125/train/average_reward": 1538.3330078125, "_runtime": 15151.571275472641, "PPO_125/train/clip_fraction": 0.21739131212234497, "PPO_125/train/learning_rate": 0.0020000000949949026, "PPO_125/train/policy_gradient_loss": -0.015125937759876251, "PPO_125/train/entropy_loss": -8.945730209350586, "PPO_125/train/loss": 27.206235885620117, "PPO_125/train/explained_variance": -37.077327728271484, "PPO_125/train/approx_kl": 0.01818172261118889, "PPO_125/train/clip_range": 0.20000000298023224, "PPO_125/train/std": 0.7410008311271667, "PPO_125/train/value_loss": 56.78445053100586, "domain_progress": 1, "loss_dif": -3.5515064239501957, "eval_reward": 932.062050120362, "best_min": 1.2248620515167201, "best_mean": 1249.5776832597737}
