{"_step": 2010002, "_runtime": 4910.400933265686, "train/average_reward": 934.5333862304688, "_timestamp": 1596262095.0266502, "global_step": 2015232, "rollout/ep_len_mean": 4999.0, "rollout/ep_rew_mean": 203.6871337890625, "time/fps": 410.0, "train/clip_range": 0.20000000298023224, "train/loss": 21.509435653686523, "train/policy_gradient_loss": -0.007953670807182789, "train/std": 0.8110111951828003, "train/learning_rate": 0.0020000000949949026, "train/explained_variance": -10267.8037109375, "train/approx_kl": 0.019468415528535843, "train/value_loss": 63.97478485107422, "train/clip_fraction": 0.2554347813129425, "train/entropy_loss": -9.69566822052002, "domain_progress": 0.43452650044672186, "loss_dif": -0.8102589040994648, "eval_reward": -409.5113928266649, "best_min": 155.2196496375587, "best_mean": 604.313621552654}
