{"_timestamp": 1595903783.783378, "rollout/ep_rew_mean": 1205.5164794921875, "time/fps": 508.0, "global_step": 2015232, "_runtime": 3965.8088190555573, "_step": 2010002, "train/average_reward": 1291.8240966796875, "rollout/ep_len_mean": 4999.0, "train/clip_range": 0.20000000298023224, "train/policy_gradient_loss": -0.010534483939409256, "train/std": 0.6711200475692749, "train/learning_rate": 0.0024137774016708136, "train/clip_fraction": 0.2606837749481201, "train/loss": 22.858245849609375, "train/explained_variance": -43.97078323364258, "train/entropy_loss": -8.170694351196289, "train/value_loss": 45.675777435302734, "train/approx_kl": 0.018577823415398598, "loss_dif": 4.247089481353759, "domain_progress": 1, "best_mean": 2605.6936062822156, "best_min": 605.356806803919, "eval_reward": 1126.3021782716626}
