{"_step": 2010002, "_runtime": 9218.098150730133, "train/average_reward": 767.104248046875, "_timestamp": 1598651149.814038, "global_step": 2015232, "rollout/ep_rew_mean": 930.1705932617188, "rollout/ep_len_mean": 4999.0, "time/fps": 219.0, "train/learning_rate": 0.0020000000949949026, "train/entropy_loss": -8.593107223510742, "train/loss": 2.960609197616577, "train/clip_fraction": 0.364130437374115, "train/explained_variance": -7.233250617980957, "train/approx_kl": 0.041399747133255005, "train/std": 0.7084468007087708, "train/policy_gradient_loss": -0.007856110110878944, "train/value_loss": 5.886702060699463, "train/clip_range": 0.20000000298023224, "loss_dif": 2.336834049224853, "domain_progress": 1, "best_mean": 2254.5313435960093, "best_min": 91.9982385047827, "eval_reward": 1191.1246757088172}
