{"rollout/ep_rew_mean": 710.664794921875, "_runtime": 5181.521183013916, "time/fps": 389.0, "rollout/ep_len_mean": 4999.0, "train/average_reward": 300.6123962402344, "_timestamp": 1596148417.0674136, "_step": 2010002, "global_step": 2015232, "train/loss": 0.2723737061023712, "train/clip_range": 0.20000000298023224, "train/entropy_loss": -8.25780200958252, "train/approx_kl": 0.03791341930627823, "train/learning_rate": 0.0020000000949949026, "train/policy_gradient_loss": -0.004563476424664259, "train/value_loss": 0.36562275886535645, "train/explained_variance": -18.880422592163086, "train/clip_fraction": 0.33152174949645996, "train/std": 0.6796493530273438, "domain_progress": 1, "loss_dif": -3.39913374632597, "eval_reward": 145.05867467664228, "best_min": 2.359992329717206, "best_mean": 3055.429961946739}
