{"time/fps": 437.0, "rollout/ep_len_mean": 4999.0, "_timestamp": 1595936915.0590084, "rollout/ep_rew_mean": 1132.5601806640625, "_step": 2010002, "train/average_reward": 1719.3424072265625, "global_step": 2015232, "_runtime": 4612.754078388214, "train/entropy_loss": -8.34046459197998, "train/loss": 20.572229385375977, "train/std": 0.6854860186576843, "train/clip_fraction": 0.2663043439388275, "train/explained_variance": -11.50881576538086, "train/approx_kl": 0.016483597457408905, "train/clip_range": 0.20000000298023224, "train/learning_rate": 0.0020000000949949026, "train/value_loss": 42.988765716552734, "train/policy_gradient_loss": -0.008786126971244812, "loss_dif": 5.40455780029297, "domain_progress": 1, "best_mean": 2299.792569614723, "best_min": 84.8226297308885, "eval_reward": 1399.6106636702616}
