{"PPO_174/time/fps": 490.0, "_runtime": 47896.76434755325, "global_step": 2015232, "PPO_174/global_step": 2015232, "PPO_174/train/average_reward": 890.1237182617188, "PPO_174/rollout/ep_rew_mean": 1446.5804443359375, "_step": 2010002, "PPO_174/rollout/ep_len_mean": 4999.0, "_timestamp": 1598743755.4175646, "PPO_174/train/approx_kl": 0.046531908214092255, "PPO_174/train/std": 0.7180635929107666, "PPO_174/train/policy_gradient_loss": -0.001724790781736374, "PPO_174/train/explained_variance": -34.10557556152344, "PPO_174/train/learning_rate": 0.0020000000949949026, "PPO_174/train/value_loss": 13.913365364074707, "PPO_174/train/entropy_loss": -8.6878662109375, "PPO_174/train/loss": 7.054844856262207, "PPO_174/train/clip_range": 0.20000000298023224, "PPO_174/train/clip_fraction": 0.3478260934352875, "loss_dif": -2.5603092193603487, "domain_progress": 1, "best_min": -195.42398927977604, "best_mean": 1825.7039399108066, "eval_reward": 1238.1521730422066}
