{"_timestamp": 1596226498.8054287, "rollout/ep_len_mean": 4999.0, "rollout/ep_rew_mean": 1187.2353515625, "_runtime": 6364.023840665817, "time/fps": 316.0, "global_step": 2015232, "_step": 2010002, "train/average_reward": 399.6723327636719, "train/learning_rate": 0.0020000000949949026, "train/clip_fraction": 0.29347825050354004, "train/std": 0.6958044767379761, "train/explained_variance": -72.00713348388672, "train/value_loss": 43.2192268371582, "train/entropy_loss": -8.445301055908203, "train/clip_range": 0.20000000298023224, "train/policy_gradient_loss": -0.014247162267565727, "train/approx_kl": 0.022079963237047195, "train/loss": 23.343055725097656, "loss_dif": -10.061828899383546, "domain_progress": 1, "eval_reward": 14.842052131176063, "best_mean": 641.0382164520651, "best_min": -483.62116512001404}
