{"time/fps": 362.0, "_timestamp": 1596242973.5625482, "_runtime": 5565.89053273201, "rollout/ep_rew_mean": 501.3858947753906, "_step": 2010002, "rollout/ep_len_mean": 4999.0, "global_step": 2015232, "train/average_reward": 305.379638671875, "train/clip_fraction": 0.3913043439388275, "train/explained_variance": -4.009270191192627, "train/learning_rate": 0.0020000000949949026, "train/entropy_loss": -8.176856994628906, "train/clip_range": 0.20000000298023224, "train/std": 0.6747618317604065, "train/policy_gradient_loss": -0.003411225276067853, "train/loss": 0.040825165808200836, "train/value_loss": 0.26778894662857056, "train/approx_kl": 0.04041910171508789, "loss_dif": -3.3836564168334005, "domain_progress": 1, "best_mean": 2591.7286795449595, "eval_reward": 358.26739590916986, "best_min": -120.2862717376326}
