{"_step": 2010002, "train/average_reward": 475.4957580566406, "time/fps": 338.0, "rollout/ep_rew_mean": -86.13448333740234, "rollout/ep_len_mean": 4999.0, "global_step": 2015232, "_timestamp": 1595772458.6314487, "_runtime": 5963.758318185806, "train/policy_gradient_loss": -0.0028294017538428307, "train/clip_fraction": 0.3645833432674408, "train/explained_variance": -63.841331481933594, "train/loss": 0.40617358684539795, "train/value_loss": 1.5823858976364136, "train/learning_rate": 0.00257858051918447, "train/entropy_loss": -10.448423385620117, "train/std": 0.8930999636650085, "train/clip_range": 0.20000000298023224, "train/approx_kl": 0.05034872144460678, "domain_progress": 1, "loss_dif": -1.354649704694748, "eval_reward": 517.7102656815874, "best_mean": 517.7102656815874, "best_min": 83.53599056507215}
