{"PPO_169/time/fps": 482.0, "_runtime": 25164.24763894081, "global_step": 2015232, "PPO_169/rollout/ep_rew_mean": 376.28375244140625, "PPO_169/global_step": 2015232, "_step": 2010002, "PPO_169/train/average_reward": -243.36334228515625, "PPO_169/rollout/ep_len_mean": 4999.0, "_timestamp": 1598721022.900856, "PPO_169/train/clip_range": 0.20000000298023224, "PPO_169/train/learning_rate": 0.0020000000949949026, "PPO_169/train/approx_kl": 0.015315207652747631, "PPO_169/train/entropy_loss": -9.275962829589844, "PPO_169/train/policy_gradient_loss": -0.010938816703855991, "PPO_169/train/loss": 26.45445442199707, "PPO_169/train/value_loss": 47.75558853149414, "PPO_169/train/explained_variance": -719.1626586914062, "PPO_169/train/std": 0.7722893953323364, "PPO_169/train/clip_fraction": 0.21739129722118378, "loss_dif": -1.867116764932871, "domain_progress": 1, "best_min": 860.5723995954347, "best_mean": 2759.9699331356624, "eval_reward": -85.65377895432465}
