{"_runtime": 3828.959276676178, "global_step": 2015232, "time/fps": 527.0, "train/average_reward": 1179.7196044921875, "_step": 2010002, "rollout/ep_len_mean": 4999.0, "rollout/ep_rew_mean": 980.4320678710938, "_timestamp": 1598699687.6124938, "train/value_loss": 28.38713264465332, "train/explained_variance": -41.61493682861328, "train/entropy_loss": -8.700961112976074, "train/approx_kl": 0.02334773913025856, "train/policy_gradient_loss": -0.012927110306918621, "train/loss": 13.65552043914795, "train/clip_fraction": 0.27173912525177, "train/clip_range": 0.20000000298023224, "train/learning_rate": 0.0020000000949949026, "train/std": 0.7176285982131958, "loss_dif": -0.771662712097168, "domain_progress": 1, "best_min": 805.914211704996, "best_mean": 2447.174143301943, "eval_reward": 849.0520739602155}
