{"_runtime": 5248.2043426036835, "time/fps": 384.0, "rollout/ep_rew_mean": 62.33134460449219, "rollout/ep_len_mean": 4999.0, "_step": 2010002, "global_step": 2015232, "_timestamp": 1596046076.3465214, "train/average_reward": -775.43359375, "train/entropy_loss": -9.40208625793457, "train/explained_variance": -75.68658447265625, "train/std": 0.7861395478248596, "train/learning_rate": 0.0020000000949949026, "train/policy_gradient_loss": -0.012121411971747875, "train/loss": 16.376853942871094, "train/clip_fraction": 0.260869562625885, "train/clip_range": 0.20000000298023224, "train/value_loss": 30.68829345703125, "train/approx_kl": 0.011166826821863651, "loss_dif": 0.09991712570190447, "domain_progress": 1, "best_mean": 3006.762915157327, "best_min": -1246.187530356015, "eval_reward": -844.389712724936}
