{"_timestamp": 1597895800.6047516, "PPO_116/time/fps": 474.0, "PPO_116/rollout/ep_len_mean": 4999.0, "PPO_116/rollout/ep_rew_mean": 855.826416015625, "_step": 2010002, "PPO_116/train/average_reward": 551.7938842773438, "_runtime": 28036.566204309464, "PPO_116/global_step": 2015232, "global_step": 2015232, "PPO_116/train/loss": 2.8876395225524902, "PPO_116/train/clip_fraction": 0.510869562625885, "PPO_116/train/std": 0.6548043489456177, "PPO_116/train/value_loss": 7.467525482177734, "PPO_116/train/explained_variance": -9.858394622802734, "PPO_116/train/approx_kl": 0.08018407970666885, "PPO_116/train/clip_range": 0.20000000298023224, "PPO_116/train/entropy_loss": -7.958739757537842, "PPO_116/train/learning_rate": 0.0020000000949949026, "PPO_116/train/policy_gradient_loss": -0.007056324277073145, "loss_dif": -6.208352947235106, "domain_progress": 1, "eval_reward": 217.6740064196075, "best_mean": 2337.002618479244, "best_min": 191.53355766467945}
