{"_step": 2010002, "_runtime": 17576.219833612442, "PPO_162/time/fps": 241.0, "_timestamp": 1598659507.935721, "PPO_162/train/average_reward": 66.59754180908203, "global_step": 2015232, "PPO_162/global_step": 2015232, "PPO_162/rollout/ep_rew_mean": 39.32891845703125, "PPO_162/rollout/ep_len_mean": 4999.0, "PPO_162/train/value_loss": 0.062547467648983, "PPO_162/train/learning_rate": 0.0020000000949949026, "PPO_162/train/std": 0.7255159020423889, "PPO_162/train/loss": 0.009356340393424034, "PPO_162/train/approx_kl": 0.021557925269007683, "PPO_162/train/entropy_loss": -8.772605895996094, "PPO_162/train/policy_gradient_loss": -0.007900986820459366, "PPO_162/train/explained_variance": -20.550569534301758, "PPO_162/train/clip_range": 0.20000000298023224, "PPO_162/train/clip_fraction": 0.2554347813129425, "loss_dif": -0.008553988859057428, "domain_progress": 1, "best_mean": 1619.27132933718, "best_min": 711.71405085513, "eval_reward": 127.49255373907027}
