{"_timestamp": 1596196055.8584208, "_runtime": 4029.0519664287567, "train/average_reward": 9.360895156860352, "rollout/ep_len_mean": 4999.0, "_step": 2010002, "rollout/ep_rew_mean": 10.096959114074707, "time/fps": 501.0, "global_step": 2015232, "train/explained_variance": -4.885590553283691, "train/clip_fraction": 0.30978259444236755, "train/entropy_loss": -8.378522872924805, "train/clip_range": 0.20000000298023224, "train/value_loss": 0.05521503463387489, "train/loss": 0.010623744688928127, "train/learning_rate": 0.0020000000949949026, "train/policy_gradient_loss": -0.012473523616790771, "train/std": 0.6906209588050842, "train/approx_kl": 0.023428352549672127, "domain_progress": 1, "loss_dif": -0.004323434829711913, "best_mean": 1125.0890152984773, "best_min": 231.1527269714012, "eval_reward": 13.05143466931083}
