{"_runtime": 6188.69357585907, "_timestamp": 1597864922.26401, "rollout/ep_rew_mean": 26.03741455078125, "train/average_reward": 28.465898513793945, "global_step": 2015232, "_step": 2010002, "rollout/ep_len_mean": 4999.0, "time/fps": 326.0, "train/clip_range": 0.20000000298023224, "train/entropy_loss": -8.878610610961914, "train/value_loss": 0.22124537825584412, "train/loss": 0.08362314105033875, "train/learning_rate": 0.0020000000949949026, "train/explained_variance": -75.71479797363281, "train/approx_kl": 0.02438509836792946, "train/policy_gradient_loss": -0.016258955001831055, "train/std": 0.7350472211837769, "train/clip_fraction": 0.260869562625885, "loss_dif": 0.011698617041110998, "domain_progress": 0.873507083765231, "best_min": -0.315056257868476, "eval_reward": 64.16105924637266, "best_mean": 1581.5809953980038}
