{"global_step": 2015232, "_runtime": 5284.789168834686, "train/average_reward": -0.29918453097343445, "rollout/ep_len_mean": 4999.0, "_step": 2010002, "_timestamp": 1595964451.9545467, "time/fps": 381.0, "rollout/ep_rew_mean": 40.148719787597656, "train/explained_variance": -58.395111083984375, "train/approx_kl": 0.030760163441300392, "train/clip_fraction": 0.33152174949645996, "train/value_loss": 0.18285322189331055, "train/learning_rate": 0.0020000000949949026, "train/loss": 0.08471723645925522, "train/clip_range": 0.20000000298023224, "train/entropy_loss": -8.883536338806152, "train/policy_gradient_loss": -0.013772532343864441, "train/std": 0.7355438470840454, "loss_dif": -0.013184105604887003, "domain_progress": 1, "eval_reward": 19.465945638267684, "best_min": 245.29002251479605, "best_mean": 1899.6151159864605}
