{"global_step": 65536, "rollout/ep_rew_mean": 6.625677108764648, "time/fps": 434.0, "rollout/ep_len_mean": 4999.0, "train/average_reward": 8.671467781066895, "_step": 3, "_runtime": 168.13736867904663, "_timestamp": 1596466995.409092, "train/entropy_loss": -11.270120620727539, "train/std": 0.9893810749053955, "train/approx_kl": 0.01449606567621231, "train/policy_gradient_loss": -0.014596207067370415, "train/loss": -0.006856766529381275, "train/clip_fraction": 0.17934782803058624, "train/learning_rate": 0.0020000000949949026, "train/explained_variance": -2.088630437850952, "train/clip_range": 0.20000000298023224, "train/value_loss": 0.027102019637823105}
