{"_runtime": 34572.96850705147, "PPO_171/rollout/ep_len_mean": 4999.0, "global_step": 2015232, "PPO_171/train/average_reward": 703.8572998046875, "_step": 2010002, "PPO_171/time/fps": 448.0, "PPO_171/rollout/ep_rew_mean": 305.2019348144531, "_timestamp": 1598730431.6217241, "PPO_171/global_step": 2015232, "PPO_171/train/clip_range": 0.20000000298023224, "PPO_171/train/approx_kl": 0.015630966052412987, "PPO_171/train/loss": 22.1773624420166, "PPO_171/train/value_loss": 39.458595275878906, "PPO_171/train/clip_fraction": 0.17391304671764374, "PPO_171/train/learning_rate": 0.0020000000949949026, "PPO_171/train/explained_variance": -65.47015380859375, "PPO_171/train/entropy_loss": -8.130833625793457, "PPO_171/train/std": 0.6679438352584839, "PPO_171/train/policy_gradient_loss": -0.01280437782406807, "loss_dif": -2.2368800967931746, "domain_progress": 1, "best_min": 2420.4261456576855, "best_mean": 3299.1963779826683, "eval_reward": 733.4111792602002}
