{"_runtime": 20080.25692510605, "PPO_159/global_step": 716800, "_step": 700009, "global_step": 716800, "_timestamp": 1598630844.997448, "PPO_159/time/fps": 249.0, "PPO_159/train/clip_fraction": 0.39919352531433105, "PPO_159/train/clip_range": 0.20000000298023224, "PPO_159/train/entropy_loss": -9.372601509094238, "PPO_159/train/loss": 0.33944952487945557, "PPO_159/train/learning_rate": 0.0020000000949949026, "PPO_159/train/policy_gradient_loss": -0.002254266757518053, "PPO_159/train/explained_variance": -1526312.75, "PPO_159/train/std": 0.7854362726211548, "PPO_159/train/approx_kl": 0.04146073758602142, "PPO_159/train/value_loss": 0.8443049788475037, "PPO_159/train/average_reward": 231.024658203125, "PPO_159/rollout/ep_len_mean": 4999.0, "PPO_159/rollout/ep_rew_mean": 158.06785583496094, "domain_progress": 0.23866400494612755, "loss_dif": -27.147046977281573, "eval_reward": 62.57654777670188, "best_min": 49.98926463006897, "best_mean": 62.57654777670188}
