{"rollout/ep_rew_mean": 770.1849365234375, "rollout/ep_len_mean": 4999.0, "train/average_reward": 435.4335632324219, "_step": 2010002, "time/fps": 435.0, "_runtime": 4636.179796695709, "global_step": 2015232, "_timestamp": 1596271387.7221086, "train/std": 0.6981791257858276, "train/explained_variance": -46.03858947753906, "train/clip_fraction": 0.33152174949645996, "train/clip_range": 0.20000000298023224, "train/value_loss": 16.339244842529297, "train/learning_rate": 0.0020000000949949026, "train/policy_gradient_loss": -0.007269237656146288, "train/approx_kl": 0.03652627021074295, "train/entropy_loss": -8.478608131408691, "train/loss": 6.592599868774414, "loss_dif": -6.236452436447143, "domain_progress": 1, "best_min": 305.71221422924816, "eval_reward": 1158.0168755759269, "best_mean": 2624.5433400574234}
