{"rollout/ep_len_mean": 4999.0, "_step": 1, "global_step": 32768, "_runtime": 47.96666860580444, "time/fps": 813.0, "train/average_reward": 0.8051231503486633, "rollout/ep_rew_mean": 0.8051233291625977, "_timestamp": 1596018750.1616008, "train/clip_range": 0.20000000298023224, "train/learning_rate": 0.0020000000949949026, "train/explained_variance": 0.11055433750152588, "train/loss": 0.0091627212241292, "train/policy_gradient_loss": -0.010895615443587303, "train/approx_kl": 0.010790731757879257, "train/std": 0.9965368509292603, "train/clip_fraction": 0.125, "train/entropy_loss": -11.329626083374023, "train/value_loss": 0.057351645082235336}
