{"time/fps": 405.0, "global_step": 2015232, "train/average_reward": -984.0696411132812, "_runtime": 4977.242650985718, "rollout/ep_len_mean": 4999.0, "rollout/ep_rew_mean": -328.8564758300781, "_step": 2010002, "_timestamp": 1595860649.5817008, "train/explained_variance": -122.12077331542969, "train/value_loss": 74.8100357055664, "train/clip_range": 0.20000000298023224, "train/policy_gradient_loss": -0.009366377256810665, "train/std": 0.7573894262313843, "train/approx_kl": 0.0074187093414366245, "train/clip_fraction": 0.10027472674846649, "train/loss": 35.45228576660156, "train/learning_rate": 0.0016625424614176154, "train/entropy_loss": -9.12597370147705, "loss_dif": -1.6211584568023696, "domain_progress": 1, "best_mean": 1796.873722634193, "eval_reward": -1993.249881916873, "best_min": -148.11985749018737}
