{"_timestamp": 1597972323.3580277, "PPO_131/train/average_reward": 311.9266662597656, "global_step": 2015232, "_runtime": 28305.987272024155, "PPO_131/global_step": 2015232, "PPO_131/time/fps": 384.0, "PPO_131/rollout/ep_rew_mean": 437.5232238769531, "_step": 2010002, "PPO_131/rollout/ep_len_mean": 4999.0, "PPO_131/train/std": 0.6563677787780762, "PPO_131/train/learning_rate": 0.0020000000949949026, "PPO_131/train/entropy_loss": -7.996458530426025, "PPO_131/train/explained_variance": -1094.017822265625, "PPO_131/train/approx_kl": 0.046875227242708206, "PPO_131/train/loss": 6.891362190246582, "PPO_131/train/clip_fraction": 0.3804347813129425, "PPO_131/train/clip_range": 0.20000000298023224, "PPO_131/train/value_loss": 10.506994247436523, "PPO_131/train/policy_gradient_loss": -0.006844293791800737, "loss_dif": -2.8696913629770275, "domain_progress": 1, "eval_reward": 21.136922414506707, "best_min": 275.8794344128871, "best_mean": 1933.7331057741692}
