{"global_step": 2015232, "_step": 2010002, "PPO_151/global_step": 2015232, "_runtime": 36963.148887872696, "PPO_151/time/fps": 562.0, "_timestamp": 1598076168.6631355, "PPO_151/rollout/ep_rew_mean": 33.107032775878906, "PPO_151/train/average_reward": -1.7614425420761108, "PPO_151/rollout/ep_len_mean": 4999.0, "PPO_151/train/clip_fraction": 0.33152174949645996, "PPO_151/train/value_loss": 0.21953299641609192, "PPO_151/train/learning_rate": 0.0020000000949949026, "PPO_151/train/approx_kl": 0.030263885855674744, "PPO_151/train/loss": 0.08590107411146164, "PPO_151/train/explained_variance": -284.883056640625, "PPO_151/train/entropy_loss": -8.573180198669434, "PPO_151/train/policy_gradient_loss": -0.014650506898760796, "PPO_151/train/std": 0.7077239751815796, "PPO_151/train/clip_range": 0.20000000298023224, "domain_progress": 1, "loss_dif": 0.002757763862609855, "best_mean": 1135.2990594354656, "best_min": 278.9456050861811, "eval_reward": 8.178033723511293}
