{"train/average_reward": 1599.0062255859375, "rollout/ep_len_mean": 4999.0, "time/fps": 359.0, "_runtime": 5624.692761898041, "_timestamp": 1595855658.1327593, "rollout/ep_rew_mean": 1190.538330078125, "global_step": 2015232, "_step": 2010002, "train/approx_kl": 0.005730004049837589, "train/explained_variance": -44.1185188293457, "train/policy_gradient_loss": -0.008022239431738853, "train/std": 0.8019070625305176, "train/learning_rate": 0.00014331206330098212, "train/loss": 33.01932144165039, "train/clip_range": 0.20000000298023224, "train/clip_fraction": 0.0833333358168602, "train/entropy_loss": -9.58395004272461, "train/value_loss": 67.4140396118164, "loss_dif": -0.3173660278320334, "domain_progress": 1, "best_mean": 2879.069370260727, "eval_reward": 2210.546763565518, "best_min": 638.3701937512323}
