{"PPO_124/global_step": 2015232, "_timestamp": 1597931560.3353636, "PPO_124/rollout/ep_len_mean": 4999.0, "global_step": 2015232, "_step": 2010002, "PPO_124/time/fps": 399.0, "PPO_124/rollout/ep_rew_mean": 1352.4241943359375, "_runtime": 10124.58218550682, "PPO_124/train/average_reward": 1259.232421875, "PPO_124/train/value_loss": 18.40445899963379, "PPO_124/train/loss": 8.09994888305664, "PPO_124/train/learning_rate": 0.0020000000949949026, "PPO_124/train/clip_range": 0.20000000298023224, "PPO_124/train/entropy_loss": -8.109530448913574, "PPO_124/train/approx_kl": 0.04327133670449257, "PPO_124/train/policy_gradient_loss": -0.004210803657770157, "PPO_124/train/explained_variance": -5.878694534301758, "PPO_124/train/std": 0.6670568585395813, "PPO_124/train/clip_fraction": 0.3586956560611725, "domain_progress": 1, "loss_dif": 0.8997608184814467, "eval_reward": 1915.0243444259443, "best_min": -0.6548022490849568, "best_mean": 2713.876825396451}
