{"PPO_172/global_step": 2015232, "_runtime": 39347.58710646629, "global_step": 2015232, "PPO_172/train/average_reward": 808.884765625, "PPO_172/rollout/ep_rew_mean": 1239.709716796875, "PPO_172/time/fps": 422.0, "_step": 2010002, "PPO_172/rollout/ep_len_mean": 4999.0, "_timestamp": 1598735206.2403235, "PPO_172/train/approx_kl": 0.027178457006812096, "PPO_172/train/learning_rate": 0.0020000000949949026, "PPO_172/train/policy_gradient_loss": -0.012930403463542461, "PPO_172/train/entropy_loss": -8.452309608459473, "PPO_172/train/std": 0.6974728107452393, "PPO_172/train/loss": 19.290790557861328, "PPO_172/train/explained_variance": -58.81666946411133, "PPO_172/train/clip_fraction": 0.22826087474822998, "PPO_172/train/clip_range": 0.20000000298023224, "PPO_172/train/value_loss": 33.62480163574219, "loss_dif": -0.27598779499530846, "domain_progress": 1, "best_min": 720.9235457579463, "best_mean": 1996.5795287459555, "eval_reward": 4.739669032395081}
