{"PPO_135/global_step": 2015232, "_timestamp": 1597989835.7671824, "global_step": 2015232, "PPO_135/rollout/ep_len_mean": 4999.0, "PPO_135/time/fps": 442.0, "_runtime": 45818.396426677704, "PPO_135/train/average_reward": 488.1209716796875, "_step": 2010002, "PPO_135/rollout/ep_rew_mean": 316.2876281738281, "PPO_135/train/learning_rate": 0.0020000000949949026, "PPO_135/train/clip_range": 0.20000000298023224, "PPO_135/train/value_loss": 24.058286666870117, "PPO_135/train/std": 0.7235167622566223, "PPO_135/train/approx_kl": 0.04115922749042511, "PPO_135/train/entropy_loss": -8.760651588439941, "PPO_135/train/explained_variance": -263.5426025390625, "PPO_135/train/clip_fraction": 0.385869562625885, "PPO_135/train/policy_gradient_loss": -0.014420179650187492, "PPO_135/train/loss": 11.124451637268066, "loss_dif": 0.5847694367170333, "domain_progress": 0.7491882869936528, "eval_reward": 23.590483477952, "best_min": 250.1866196828266, "best_mean": 267.1060066898976}
