{"rollout/ep_len_mean": 4999.0, "train/average_reward": 1460.5428466796875, "_runtime": 4048.57684469223, "rollout/ep_rew_mean": 968.0765991210938, "_timestamp": 1596281468.633102, "time/fps": 498.0, "global_step": 2015232, "_step": 2010002, "train/clip_fraction": 0.20108695328235626, "train/std": 0.7093995809555054, "train/clip_range": 0.20000000298023224, "train/entropy_loss": -8.59522819519043, "train/explained_variance": -55.68037414550781, "train/value_loss": 50.682090759277344, "train/policy_gradient_loss": -0.011192542500793934, "train/loss": 21.9521427154541, "train/learning_rate": 0.0020000000949949026, "train/approx_kl": 0.020791854709386826, "domain_progress": 1, "loss_dif": 5.383542776107788, "eval_reward": 1124.3214222460701, "best_min": -225.95331016981842, "best_mean": 2452.8344418298952}
