{"_runtime": 7864.963980436325, "global_step": 2015232, "PPO_165/time/fps": 500.0, "PPO_165/rollout/ep_rew_mean": -37.7763557434082, "_step": 2010002, "PPO_165/global_step": 2015232, "PPO_165/train/average_reward": 96.80990600585938, "_timestamp": 1598703723.6171975, "PPO_165/rollout/ep_len_mean": 4999.0, "PPO_165/train/explained_variance": -6.696922302246094, "PPO_165/train/value_loss": 0.12271672487258911, "PPO_165/train/entropy_loss": -9.963189125061035, "PPO_165/train/loss": 0.04940006136894226, "PPO_165/train/policy_gradient_loss": -0.01668679527938366, "PPO_165/train/learning_rate": 0.0020000000949949026, "PPO_165/train/clip_fraction": 0.32608696818351746, "PPO_165/train/approx_kl": 0.029602140188217163, "PPO_165/train/std": 0.8413015604019165, "PPO_165/train/clip_range": 0.20000000298023224, "loss_dif": -0.40683260448277, "domain_progress": 0.9118799078688029, "best_min": 752.0037956476717, "best_mean": 1913.0067900383974, "eval_reward": -89.88749361697423}
