{"_timestamp": 1597908283.9198046, "_step": 2010002, "PPO_119/time/fps": 479.0, "PPO_119/rollout/ep_len_mean": 4999.0, "PPO_119/rollout/ep_rew_mean": 1550.19384765625, "_runtime": 40519.88125729561, "PPO_119/train/average_reward": 344.4997253417969, "PPO_119/global_step": 2015232, "global_step": 2015232, "PPO_119/train/clip_range": 0.20000000298023224, "PPO_119/train/loss": 5.13137674331665, "PPO_119/train/explained_variance": -9.115899085998535, "PPO_119/train/value_loss": 12.473949432373047, "PPO_119/train/entropy_loss": -8.630850791931152, "PPO_119/train/std": 0.7121461629867554, "PPO_119/train/policy_gradient_loss": -0.0014718245947733521, "PPO_119/train/approx_kl": 0.049902454018592834, "PPO_119/train/learning_rate": 0.0020000000949949026, "PPO_119/train/clip_fraction": 0.44565218687057495, "loss_dif": 4.316977024078369, "domain_progress": 1, "eval_reward": 631.6880724274217, "best_mean": 3017.7791776805616, "best_min": 2700.3060546022916}
