{"_timestamp": 1597926506.3460524, "rollout/ep_rew_mean": 964.4683227539062, "rollout/ep_len_mean": 4999.0, "global_step": 2015232, "train/average_reward": 672.1818237304688, "_step": 2010002, "_runtime": 5070.592874288559, "time/fps": 398.0, "train/approx_kl": 0.056618720293045044, "train/clip_range": 0.20000000298023224, "train/explained_variance": -393.95550537109375, "train/clip_fraction": 0.4130434989929199, "train/learning_rate": 0.0020000000949949026, "train/entropy_loss": -8.128997802734375, "train/loss": 5.906389236450195, "train/std": 0.6694025993347168, "train/value_loss": 14.87708568572998, "train/policy_gradient_loss": 0.0008412002352997661, "domain_progress": 1, "loss_dif": -8.275524306297303, "eval_reward": 2306.2582596285797, "best_min": 2031.8077267261247, "best_mean": 3284.1960794028973}
