{"_timestamp": 1595932262.9318213, "train/average_reward": 309.3106689453125, "_step": 1770002, "time/fps": 378.0, "rollout/ep_rew_mean": 226.87490844726562, "global_step": 1785856, "rollout/ep_len_mean": 4999.0, "_runtime": 4730.933269739151, "train/policy_gradient_loss": 0.004466000013053417, "train/clip_range": 0.20000000298023224, "train/clip_fraction": 0.24074074625968933, "train/entropy_loss": -11.444842338562012, "train/approx_kl": 0.034053463488817215, "train/loss": 10.820876121520996, "train/std": 1.0176819562911987, "train/explained_variance": -268.1422424316406, "train/learning_rate": 0.0026000000070780516, "train/value_loss": 17.240659713745117, "loss_dif": 0.32213679850101473, "domain_progress": 0.6650826487280427, "best_min": -0.42050043892495864, "best_mean": 2015.3826657885415, "eval_reward": -4.223888937520571}
