{"global_step": 2015232, "_step": 2010002, "PPO_144/rollout/ep_len_mean": 4999.0, "PPO_144/train/average_reward": 1039.4619140625, "_runtime": 10876.520290374756, "PPO_144/global_step": 2015232, "_timestamp": 1598050082.034538, "PPO_144/time/fps": 539.0, "PPO_144/rollout/ep_rew_mean": 550.89599609375, "PPO_144/train/loss": 11.075926780700684, "PPO_144/train/std": 0.7072643041610718, "PPO_144/train/entropy_loss": -8.57708740234375, "PPO_144/train/approx_kl": 0.014239152893424034, "PPO_144/train/learning_rate": 0.0020000000949949026, "PPO_144/train/value_loss": 24.25641441345215, "PPO_144/train/clip_range": 0.20000000298023224, "PPO_144/train/policy_gradient_loss": -0.011314070783555508, "PPO_144/train/explained_variance": -51.82251739501953, "PPO_144/train/clip_fraction": 0.23369565606117249, "domain_progress": 1, "loss_dif": 3.1758831501007077, "best_mean": 1529.0957262326601, "best_min": -16.637905571895498, "eval_reward": 660.7125439198621}
