{"PPO_166/global_step": 2015232, "_runtime": 12199.84657406807, "global_step": 2015232, "PPO_166/train/average_reward": 358.2386169433594, "PPO_166/rollout/ep_len_mean": 4999.0, "_step": 2010002, "PPO_166/rollout/ep_rew_mean": 665.7058715820312, "PPO_166/time/fps": 465.0, "_timestamp": 1598708058.4997911, "PPO_166/train/clip_fraction": 0.31521740555763245, "PPO_166/train/loss": 10.060362815856934, "PPO_166/train/explained_variance": -1097.6024169921875, "PPO_166/train/entropy_loss": -8.536898612976074, "PPO_166/train/learning_rate": 0.0020000000949949026, "PPO_166/train/approx_kl": 0.03250942751765251, "PPO_166/train/policy_gradient_loss": -0.0134993651881814, "PPO_166/train/value_loss": 30.591796875, "PPO_166/train/clip_range": 0.20000000298023224, "PPO_166/train/std": 0.7028781175613403, "loss_dif": -2.0108513653278353, "domain_progress": 1, "best_min": -29.31641379023452, "best_mean": 1318.6038645265915, "eval_reward": 19.267258722926147}
