{"rollout/ep_len_mean": 4999.0, "_step": 2010002, "time/fps": 303.0, "_timestamp": 1595794276.7262895, "train/average_reward": -73.40818786621094, "_runtime": 6644.9072732925415, "global_step": 2015232, "rollout/ep_rew_mean": 208.643798828125, "train/policy_gradient_loss": -0.009635185822844505, "train/approx_kl": 0.04363943263888359, "train/explained_variance": -1866.555908203125, "train/learning_rate": 0.0029753954149782658, "train/clip_fraction": 0.4729729890823364, "train/clip_range": 0.20000000298023224, "train/loss": 5.748405456542969, "train/entropy_loss": -8.730286598205566, "train/value_loss": 12.83875560760498, "train/std": 0.7206355333328247, "loss_dif": -0.15085440278053283, "domain_progress": 1, "best_min": 30.219546980439382, "best_mean": 1765.1259274377976, "eval_reward": 53.98633705382472}
