{"train/average_reward": 1182.36083984375, "_timestamp": 1596232453.2456396, "_runtime": 5947.854014635086, "rollout/ep_len_mean": 4999.0, "global_step": 2015232, "_step": 2010002, "rollout/ep_rew_mean": 755.0315551757812, "time/fps": 339.0, "train/explained_variance": -2181.501220703125, "train/approx_kl": 0.017998646944761276, "train/clip_range": 0.20000000298023224, "train/learning_rate": 0.0020000000949949026, "train/std": 0.6856399774551392, "train/value_loss": 85.17823028564453, "train/entropy_loss": -8.35891056060791, "train/policy_gradient_loss": 0.0009562343475408852, "train/clip_fraction": 0.25, "train/loss": 49.3504753112793, "domain_progress": 1, "loss_dif": 0.0036208979785441464, "best_mean": 3385.6242537360185, "best_min": 4.285209589755729, "eval_reward": 56.159339312735824}
