{"time/fps": 425.0, "train/average_reward": 565.4603881835938, "_step": 2010002, "rollout/ep_rew_mean": 1184.2381591796875, "rollout/ep_len_mean": 4999.0, "_runtime": 4748.393591165543, "_timestamp": 1595865449.9810593, "global_step": 2015232, "train/learning_rate": 0.0002356006152695045, "train/policy_gradient_loss": -0.001400453387759626, "train/std": 0.9377870559692383, "train/loss": 1.593276023864746, "train/clip_fraction": 0.023076923564076424, "train/entropy_loss": -10.835034370422363, "train/approx_kl": 0.0022252986673265696, "train/value_loss": 9.021441459655762, "train/explained_variance": -2.354297637939453, "train/clip_range": 0.20000000298023224, "loss_dif": 2.8062149047851577, "domain_progress": 1, "best_mean": 3340.2837916043654, "best_min": 1656.65274774411, "eval_reward": 2056.0520146839553}
