{"PPO_129/time/fps": 355.0, "PPO_129/global_step": 2015232, "_timestamp": 1597961618.6001089, "PPO_129/train/average_reward": 100.16519927978516, "global_step": 2015232, "_runtime": 17601.22935318947, "PPO_129/rollout/ep_rew_mean": 766.94091796875, "PPO_129/rollout/ep_len_mean": 4999.0, "_step": 2010002, "PPO_129/train/learning_rate": 0.0020000000949949026, "PPO_129/train/entropy_loss": -8.39588737487793, "PPO_129/train/approx_kl": 0.04743492230772972, "PPO_129/train/clip_range": 0.20000000298023224, "PPO_129/train/loss": 0.18932035565376282, "PPO_129/train/policy_gradient_loss": -0.0007217710954137146, "PPO_129/train/clip_fraction": 0.5, "PPO_129/train/value_loss": 0.3129703402519226, "PPO_129/train/std": 0.6920220851898193, "PPO_129/train/explained_variance": -8.901766777038574, "loss_dif": -6.949806018173694, "domain_progress": 1, "eval_reward": 3.327413305924661, "best_min": 192.72292345310478, "best_mean": 1402.1188459623081}
