{"_runtime": 4142.8992030620575, "rollout/ep_rew_mean": 646.1969604492188, "time/fps": 487.0, "train/average_reward": 349.972412109375, "rollout/ep_len_mean": 4999.0, "_timestamp": 1596191462.8664665, "global_step": 2015232, "_step": 2010002, "train/value_loss": 0.5356465578079224, "train/clip_fraction": 0.6195651888847351, "train/std": 0.6869534254074097, "train/explained_variance": -3.9057326316833496, "train/learning_rate": 0.0020000000949949026, "train/policy_gradient_loss": 0.004744075704365969, "train/entropy_loss": -8.3306303024292, "train/loss": 0.03896592557430267, "train/approx_kl": 0.061285972595214844, "train/clip_range": 0.20000000298023224, "domain_progress": 1, "loss_dif": -2.5514756441116333, "eval_reward": 36.02749817671334, "best_mean": 2449.8914194448953, "best_min": -31.89786493506221}
