{"_step": 90001, "global_step": 81920, "rollout/ep_len_mean": 4999.0, "train/average_reward": 24.258859634399414, "_runtime": 122.47248840332031, "_timestamp": 1597858723.7908595, "time/fps": 812.0, "rollout/ep_rew_mean": 16.750917434692383, "train/clip_fraction": 0.15217392146587372, "train/entropy_loss": -11.25688648223877, "train/learning_rate": 0.0020000000949949026, "train/clip_range": 0.20000000298023224, "train/value_loss": 0.027543548494577408, "train/explained_variance": -1.6760952472686768, "train/approx_kl": 0.01341964304447174, "train/std": 0.988068163394928, "train/loss": -0.01686909794807434, "train/policy_gradient_loss": -0.015274872072041035, "loss_dif": -0.008451136527583003, "domain_progress": 0}
