{"rollout/ep_rew_mean": 302.12518310546875, "rollout/ep_len_mean": 4999.0, "_runtime": 2227.218790769577, "global_step": 999424, "train/average_reward": 202.56597900390625, "_step": 990002, "_timestamp": 1596273620.4433072, "time/fps": 449.0, "train/learning_rate": 0.0020000000949949026, "train/clip_fraction": 0.3478260934352875, "train/policy_gradient_loss": -0.010035056620836258, "train/loss": 0.3046988248825073, "train/explained_variance": -64.72886657714844, "train/std": 0.8757948279380798, "train/approx_kl": 0.03267934173345566, "train/value_loss": 0.7836277484893799, "train/clip_range": 0.20000000298023224, "train/entropy_loss": -10.308412551879883, "loss_dif": -0.8319459840655327, "domain_progress": 0.41621489667892453, "best_mean": 361.09429153441795, "best_min": 280.84077552379495, "eval_reward": 33.20902689687013}
