{"rollout/ep_rew_mean": 500.091552734375, "time/fps": 429.0, "_step": 2010002, "_timestamp": 1595781687.9468195, "_runtime": 4700.272793769836, "train/average_reward": -142.72569274902344, "global_step": 2015232, "rollout/ep_len_mean": 4999.0, "train/explained_variance": -337.1230163574219, "train/entropy_loss": -9.206588745117188, "train/clip_fraction": 0.30612245202064514, "train/std": 0.7667491436004639, "train/approx_kl": 0.024920731782913208, "train/clip_range": 0.20000000298023224, "train/policy_gradient_loss": -0.008662447333335876, "train/value_loss": 19.933441162109375, "train/loss": 10.224143028259277, "train/learning_rate": 0.0016205685678869486, "domain_progress": 1, "loss_dif": 0.28008015155792254, "best_mean": 943.7499837327771, "eval_reward": 15.783099177411328, "best_min": -532.052937974504}
