{"rollout/ep_rew_mean": 378.401123046875, "_runtime": 4845.967035770416, "global_step": 2015232, "_step": 2010002, "time/fps": 416.0, "rollout/ep_len_mean": 4999.0, "_timestamp": 1597849957.7616146, "train/average_reward": 101.04946899414062, "train/loss": 0.12688343226909637, "train/policy_gradient_loss": -0.011720308102667332, "train/entropy_loss": -8.67515754699707, "train/clip_fraction": 0.4184782803058624, "train/learning_rate": 0.0020000000949949026, "train/std": 0.7181024551391602, "train/approx_kl": 0.03294145315885544, "train/clip_range": 0.20000000298023224, "train/value_loss": 0.34700214862823486, "train/explained_variance": -15.770442962646484, "domain_progress": 0.8803522211313249, "loss_dif": -2.7199543148279193, "best_mean": 1971.4648423265269, "eval_reward": 21.0618129890684, "best_min": 228.56174276488034}
