{"rollout/ep_rew_mean": 396.6478271484375, "_timestamp": 1597950871.8375998, "global_step": 2015232, "rollout/ep_len_mean": 4999.0, "train/average_reward": 557.7738037109375, "_runtime": 6854.466844081879, "_step": 2010002, "time/fps": 294.0, "train/value_loss": 10.192031860351562, "train/std": 0.8121907711029053, "train/explained_variance": -27.203224182128906, "train/policy_gradient_loss": -0.016035079956054688, "train/learning_rate": 0.0020000000949949026, "train/entropy_loss": -9.685530662536621, "train/approx_kl": 0.034889593720436096, "train/clip_range": 0.20000000298023224, "train/clip_fraction": 0.3586956560611725, "train/loss": 5.33125638961792, "loss_dif": 3.282398366928101, "domain_progress": 1, "eval_reward": 1590.026009905227, "best_min": -438.13428864131066, "best_mean": 1590.026009905227}
