{"PPO_141/rollout/ep_rew_mean": 806.804443359375, "PPO_141/train/average_reward": -25.503660202026367, "PPO_141/global_step": 2015232, "_runtime": 8843.537472009659, "_timestamp": 1598035483.2931628, "PPO_141/time/fps": 466.0, "_step": 2010002, "PPO_141/rollout/ep_len_mean": 4999.0, "global_step": 2015232, "PPO_141/train/std": 0.6868762969970703, "PPO_141/train/value_loss": 1.1265748739242554, "PPO_141/train/loss": 0.17914415895938873, "PPO_141/train/entropy_loss": -8.333639144897461, "PPO_141/train/clip_range": 0.20000000298023224, "PPO_141/train/approx_kl": 0.03988570719957352, "PPO_141/train/clip_fraction": 0.46195653080940247, "PPO_141/train/policy_gradient_loss": 0.00895274244248867, "PPO_141/train/explained_variance": -4.612948894500732, "PPO_141/train/learning_rate": 0.0020000000949949026, "loss_dif": -3.534717774391174, "domain_progress": 1, "eval_reward": 18.775059664458876, "best_mean": 1137.3179259822912, "best_min": -476.6084944838707}
