{"_timestamp": 1597917624.8327577, "PPO_121/time/fps": 383.0, "PPO_121/train/average_reward": 827.7957763671875, "_step": 2010002, "_runtime": 49860.79421043396, "PPO_121/global_step": 2015232, "PPO_121/rollout/ep_rew_mean": 1239.71826171875, "global_step": 2015232, "PPO_121/rollout/ep_len_mean": 4999.0, "PPO_121/train/entropy_loss": -8.241174697875977, "PPO_121/train/value_loss": 1.9394294023513794, "PPO_121/train/policy_gradient_loss": -0.0005072593921795487, "PPO_121/train/std": 0.6782034635543823, "PPO_121/train/loss": 0.48359063267707825, "PPO_121/train/explained_variance": -1.3968768119812012, "PPO_121/train/clip_fraction": 0.45652174949645996, "PPO_121/train/clip_range": 0.20000000298023224, "PPO_121/train/approx_kl": 0.07217995822429657, "PPO_121/train/learning_rate": 0.0020000000949949026, "loss_dif": -1.2610646218061436, "domain_progress": 1, "eval_reward": -1280.5772041856596, "best_mean": 1301.1429645172766, "best_min": 160.95951632020848}
