{"_runtime": 4784.021863222122, "global_step": 2015232, "_timestamp": 1596179381.9460034, "_step": 2010002, "rollout/ep_rew_mean": 1048.3936767578125, "rollout/ep_len_mean": 4999.0, "time/fps": 422.0, "train/average_reward": 1376.376220703125, "train/loss": 35.79774856567383, "train/approx_kl": 0.020593611523509026, "train/explained_variance": -49.53146743774414, "train/std": 0.6418617963790894, "train/entropy_loss": -7.797438621520996, "train/policy_gradient_loss": -0.015021120198071003, "train/clip_range": 0.20000000298023224, "train/learning_rate": 0.0020000000949949026, "train/value_loss": 71.82907104492188, "train/clip_fraction": 0.260869562625885, "loss_dif": -3.6376304626464844, "domain_progress": 1, "eval_reward": 340.1568420931883, "best_mean": 1422.4749545457873, "best_min": 11.267807777538987}
