{"_runtime": 34.24940872192383, "train/average_reward": 5.3124895095825195, "time/fps": 881.0, "rollout/ep_len_mean": 4999.0, "rollout/ep_rew_mean": 5.3124895095825195, "_step": 0, "global_step": 16384, "_timestamp": 1597845077.760819}
