{"train/average_reward": 1232.083984375, "_step": 2010002, "_runtime": 5710.26075220108, "rollout/ep_len_mean": 4999.0, "_timestamp": 1597858448.3706284, "time/fps": 353.0, "global_step": 2015232, "rollout/ep_rew_mean": 1034.6160888671875, "train/value_loss": 45.59688949584961, "train/entropy_loss": -8.867413520812988, "train/learning_rate": 0.0020000000949949026, "train/loss": 23.31012725830078, "train/clip_range": 0.20000000298023224, "train/policy_gradient_loss": -0.011553812772035599, "train/approx_kl": 0.01805097796022892, "train/explained_variance": -94.15154266357422, "train/std": 0.7333958745002747, "train/clip_fraction": 0.19021739065647125, "loss_dif": -4.97022123336792, "domain_progress": 1, "best_min": 535.1227476615289, "best_mean": 1633.7692196692803, "eval_reward": 631.3624169466717}
