{"PPO_133/train/average_reward": 529.6276245117188, "_timestamp": 1597981068.831431, "PPO_133/time/fps": 470.0, "PPO_133/rollout/ep_len_mean": 4999.0, "global_step": 2015232, "_runtime": 37051.46067523956, "PPO_133/rollout/ep_rew_mean": 1301.3182373046875, "_step": 2010002, "PPO_133/global_step": 2015232, "PPO_133/train/value_loss": 0.8476712703704834, "PPO_133/train/policy_gradient_loss": 0.0009146430529654026, "PPO_133/train/approx_kl": 0.0701955184340477, "PPO_133/train/std": 0.7057343125343323, "PPO_133/train/clip_range": 0.20000000298023224, "PPO_133/train/clip_fraction": 0.5652173757553101, "PPO_133/train/entropy_loss": -8.54531192779541, "PPO_133/train/loss": 0.034010667353868484, "PPO_133/train/explained_variance": -0.8160911798477173, "PPO_133/train/learning_rate": 0.0020000000949949026, "loss_dif": -3.6016433477401737, "domain_progress": 1, "eval_reward": 1791.6738850175482, "best_min": 1406.9236234027865, "best_mean": 2975.6015249604166}
