{"train/average_reward": 815.0050659179688, "time/fps": 511.0, "_timestamp": 1595894765.355218, "_runtime": 3942.968821287155, "rollout/ep_rew_mean": 1436.173095703125, "rollout/ep_len_mean": 4999.0, "global_step": 2015232, "_step": 2010002, "train/clip_range": 0.20000000298023224, "train/clip_fraction": 0.29270634055137634, "train/value_loss": 15.357132911682129, "train/policy_gradient_loss": -0.007820743136107922, "train/approx_kl": 0.026773419231176376, "train/entropy_loss": -7.683647632598877, "train/learning_rate": 0.0012966697104275227, "train/loss": 6.746737003326416, "train/std": 0.6321367621421814, "train/explained_variance": -5.367702007293701, "domain_progress": 1, "loss_dif": 2.1936000823974595, "eval_reward": -0.9818307418463558, "best_mean": 2593.8373986040006, "best_min": 680.6414818986298}
