{"_runtime": 61982.707020282745, "global_step": 2015232, "PPO_178/rollout/ep_len_mean": 4999.0, "PPO_178/rollout/ep_rew_mean": -350.962890625, "PPO_178/train/average_reward": -14.290668487548828, "PPO_178/time/fps": 589.0, "_step": 2010002, "PPO_178/global_step": 2015232, "_timestamp": 1598757841.3602374, "PPO_178/train/policy_gradient_loss": -0.011734615080058575, "PPO_178/train/value_loss": 0.22472339868545532, "PPO_178/train/loss": 0.08951284736394882, "PPO_178/train/clip_range": 0.20000000298023224, "PPO_178/train/learning_rate": 0.0020000000949949026, "PPO_178/train/approx_kl": 0.027292028069496155, "PPO_178/train/std": 0.9347506761550903, "PPO_178/train/explained_variance": -37.93018341064453, "PPO_178/train/entropy_loss": -10.804755210876465, "PPO_178/train/clip_fraction": 0.32608696818351746, "loss_dif": -0.6868865132331848, "domain_progress": 1, "best_min": 937.7000901036993, "best_mean": 2522.479910462946, "eval_reward": 13.968757111361507}
