{"rollout/ep_rew_mean": 642.624755859375, "time/fps": 464.0, "rollout/ep_len_mean": 4999.0, "train/average_reward": 809.7330322265625, "_step": 2010002, "global_step": 2015232, "_runtime": 4341.285501718521, "_timestamp": 1595890810.6005461, "train/clip_range": 0.20000000298023224, "train/loss": 7.934348106384277, "train/learning_rate": 0.0009099747985601425, "train/entropy_loss": -8.366137504577637, "train/clip_fraction": 0.3878205120563507, "train/approx_kl": 0.032971106469631195, "train/explained_variance": -6.543827056884766, "train/value_loss": 18.21490478515625, "train/policy_gradient_loss": -0.010797135531902313, "train/std": 0.6890780329704285, "loss_dif": 2.7229310035705563, "domain_progress": 1, "best_mean": 2306.7360837657893, "best_min": 934.4686016878704, "eval_reward": 361.77306602780624}
