{"train/average_reward": 135.2543487548828, "_runtime": 8963.377949476242, "rollout/ep_rew_mean": 190.63485717773438, "rollout/ep_len_mean": 4999.0, "_step": 2010002, "global_step": 2015232, "time/fps": 225.0, "_timestamp": 1595809212.8621085, "train/entropy_loss": -13.024752616882324, "train/loss": 0.10585187375545502, "train/clip_fraction": 0.5, "train/approx_kl": 0.0849420353770256, "train/policy_gradient_loss": 0.021412933245301247, "train/learning_rate": 0.0026353176217526197, "train/std": 1.2376583814620972, "train/clip_range": 0.20000000298023224, "train/value_loss": 0.15418089926242828, "train/explained_variance": -12.414231300354004, "loss_dif": -9.717662833631039, "domain_progress": 1, "best_mean": 3885.101834441378, "best_min": 3017.0701542187066, "eval_reward": 10.97131070181086}
