{"train/average_reward": 1089.7470703125, "time/fps": 434.0, "rollout/ep_rew_mean": 1084.257568359375, "_timestamp": 1596247626.186972, "global_step": 2015232, "_step": 2010002, "rollout/ep_len_mean": 4999.0, "_runtime": 4645.787405729294, "train/explained_variance": -6.561483383178711, "train/value_loss": 8.369181632995605, "train/loss": 3.8424243927001953, "train/learning_rate": 0.0020000000949949026, "train/clip_range": 0.20000000298023224, "train/approx_kl": 0.04432763159275055, "train/entropy_loss": -7.73129415512085, "train/clip_fraction": 0.364130437374115, "train/std": 0.6374660134315491, "train/policy_gradient_loss": -0.007538053207099438, "domain_progress": 1, "loss_dif": -9.593171501159668, "best_mean": 1759.10240285209, "eval_reward": 1644.361995823026, "best_min": -869.4338840905434}
