{"_timestamp": 1596038653.6741824, "global_step": 2015232, "_runtime": 6702.415307760239, "rollout/ep_len_mean": 4999.0, "_step": 2010002, "train/average_reward": -7.568302631378174, "time/fps": 301.0, "rollout/ep_rew_mean": 0.4361165761947632, "train/std": 0.8082618117332458, "train/approx_kl": 0.024570127949118614, "train/policy_gradient_loss": -0.017291320487856865, "train/value_loss": 0.14636342227458954, "train/loss": 0.026292018592357635, "train/clip_fraction": 0.33695653080940247, "train/learning_rate": 0.0020000000949949026, "train/entropy_loss": -9.651688575744629, "train/clip_range": 0.20000000298023224, "train/explained_variance": -44.395225524902344, "domain_progress": 0.48835900169610985, "loss_dif": 0.012115181609988215, "best_mean": 362.0560926060764, "eval_reward": 11.503018615481015, "best_min": 3.7565592009734656}
