{"time/fps": 438.0, "_timestamp": 1595820432.0960572, "train/average_reward": 675.5018310546875, "_step": 2010002, "rollout/ep_len_mean": 4999.0, "_runtime": 4605.655085325241, "global_step": 2015232, "rollout/ep_rew_mean": 702.0413818359375, "train/policy_gradient_loss": -0.01687050610780716, "train/clip_range": 0.20000000298023224, "train/learning_rate": 0.0021677338518202305, "train/std": 0.6505875587463379, "train/explained_variance": -7.417827606201172, "train/value_loss": 20.236024856567383, "train/approx_kl": 0.047560736536979675, "train/clip_fraction": 0.4073426425457001, "train/loss": 8.957590103149414, "train/entropy_loss": -7.908021926879883, "domain_progress": 1, "loss_dif": -0.5118849277496338, "best_min": 357.3029365159547, "eval_reward": 1036.1497303625417, "best_mean": 1987.9269940354438}
