{"_runtime": 16577.27534842491, "global_step": 2015232, "PPO_167/rollout/ep_len_mean": 4999.0, "PPO_167/time/fps": 461.0, "_step": 2010002, "PPO_167/train/average_reward": 372.6191711425781, "PPO_167/global_step": 2015232, "PPO_167/rollout/ep_rew_mean": 939.4210205078125, "_timestamp": 1598712435.9285655, "PPO_167/train/learning_rate": 0.0020000000949949026, "PPO_167/train/loss": 0.90964674949646, "PPO_167/train/value_loss": 6.821000576019287, "PPO_167/train/clip_fraction": 0.45108696818351746, "PPO_167/train/clip_range": 0.20000000298023224, "PPO_167/train/entropy_loss": -7.9500322341918945, "PPO_167/train/explained_variance": -29.636198043823242, "PPO_167/train/std": 0.6536164283752441, "PPO_167/train/policy_gradient_loss": -0.0036437257658690214, "PPO_167/train/approx_kl": 0.06817660480737686, "loss_dif": -1.6855494469404224, "domain_progress": 1, "best_min": 5.778134761324782, "best_mean": 3538.344267364694, "eval_reward": 36.45743508563232}
