{"global_step": 2015232, "_step": 2010002, "PPO_156/train/average_reward": -168.33448791503906, "_runtime": 54140.61876702309, "PPO_156/time/fps": 587.0, "_timestamp": 1598093346.1330147, "PPO_156/global_step": 2015232, "PPO_156/rollout/ep_len_mean": 4999.0, "PPO_156/rollout/ep_rew_mean": 417.6476135253906, "PPO_156/train/learning_rate": 0.0020000000949949026, "PPO_156/train/policy_gradient_loss": -0.0026481577660888433, "PPO_156/train/clip_fraction": 0.3586956560611725, "PPO_156/train/entropy_loss": -9.360934257507324, "PPO_156/train/clip_range": 0.20000000298023224, "PPO_156/train/value_loss": 14.644572257995605, "PPO_156/train/loss": 7.413393497467041, "PPO_156/train/std": 0.7848124504089355, "PPO_156/train/explained_variance": -898.5384521484375, "PPO_156/train/approx_kl": 0.02994488552212715, "domain_progress": 1, "loss_dif": 1.1316983222961428, "best_mean": 2819.0722042518946, "best_min": 775.1346808442408, "eval_reward": 1346.741083811336}
