{"_timestamp": 1596202293.9394763, "train/average_reward": 542.8261108398438, "_runtime": 5880.8183879852295, "time/fps": 343.0, "rollout/ep_len_mean": 4999.0, "_step": 2010002, "rollout/ep_rew_mean": 507.98822021484375, "global_step": 2015232, "train/std": 0.6997246146202087, "train/clip_fraction": 0.45652174949645996, "train/entropy_loss": -8.489812850952148, "train/approx_kl": 0.04038122296333313, "train/explained_variance": -1.9032278060913086, "train/value_loss": 2.8404624462127686, "train/clip_range": 0.20000000298023224, "train/policy_gradient_loss": -0.009728807024657726, "train/learning_rate": 0.0020000000949949026, "train/loss": 1.007529377937317, "domain_progress": 1, "loss_dif": 4.3000291824340815, "best_mean": 839.2075283091459, "eval_reward": 46.12389054557836, "best_min": 17.234192270303037}
