{"global_step": 2015232, "_step": 2010002, "_runtime": 3539.868459224701, "rollout/ep_rew_mean": 939.8850708007812, "_timestamp": 1598042745.3827069, "rollout/ep_len_mean": 4999.0, "time/fps": 570.0, "train/average_reward": 1659.791015625, "train/approx_kl": 0.0200407225638628, "train/entropy_loss": -8.422364234924316, "train/loss": 16.392309188842773, "train/std": 0.694260835647583, "train/learning_rate": 0.0020000000949949026, "train/clip_range": 0.20000000298023224, "train/clip_fraction": 0.2554347813129425, "train/policy_gradient_loss": -0.01889762096107006, "train/value_loss": 32.40656661987305, "train/explained_variance": -19.97355842590332, "domain_progress": 1, "loss_dif": 4.650388431549075, "best_mean": 2738.1159938083233, "best_min": 1926.8553341885515, "eval_reward": 1658.0139502785962}
