{"time/fps": 408.0, "rollout/ep_len_mean": 4999.0, "_runtime": 4941.127569437027, "rollout/ep_rew_mean": 655.0223999023438, "_timestamp": 1596237400.934968, "global_step": 2015232, "_step": 2010002, "train/average_reward": -34.89061737060547, "train/approx_kl": 0.04134300723671913, "train/learning_rate": 0.0020000000949949026, "train/std": 0.6674784421920776, "train/policy_gradient_loss": -0.007917137816548347, "train/value_loss": 0.27382639050483704, "train/clip_fraction": 0.42391303181648254, "train/loss": 0.06515852361917496, "train/clip_range": 0.20000000298023224, "train/entropy_loss": -8.11544418334961, "train/explained_variance": -2.005702495574951, "domain_progress": 1, "loss_dif": 0.1319945111870764, "best_min": 801.1084641519238, "eval_reward": -8.896539676703453, "best_mean": 2224.724640963883}
