{"_runtime": 17195.425579547882, "_step": 2000001, "PPO_158/global_step": 2000896, "PPO_158/time/fps": 217.0, "_timestamp": 1598627960.1661024, "global_step": 2000896, "PPO_158/train/clip_fraction": 0.3629032075405121, "PPO_158/train/approx_kl": 0.04764586687088013, "PPO_158/train/value_loss": 116.95059204101562, "PPO_158/train/loss": 51.63542556762695, "PPO_158/train/explained_variance": -2936.14501953125, "PPO_158/train/entropy_loss": -6.680144786834717, "PPO_158/train/policy_gradient_loss": -0.007383640855550766, "PPO_158/train/std": 0.5692262649536133, "PPO_158/train/learning_rate": 0.0020000000949949026, "PPO_158/train/clip_range": 0.20000000298023224, "PPO_158/train/average_reward": 2117.23388671875, "PPO_158/rollout/ep_rew_mean": 1548.0125732421875, "PPO_158/rollout/ep_len_mean": 4999.0, "domain_progress": 1, "loss_dif": -38.11952627971768, "eval_reward": 2284.9242957234724, "best_min": 3135.1105062087904, "best_mean": 3452.414380894244}
